"","species","lifestage","URL","SAME_AS","LOCAL_PATH","hex","rgb"
"1","ALMACO","eggs",".","UNMAPPABLE",".","#F781BF","rgb(247,129,191)"
"2","ALMACO","larvae",".","UNMAPPABLE",".","#E41A1C","rgb(228,26,28)"
"3","ALMACO","postLarvae",".","UNMAPPABLE",".","#4DAF4A","rgb(77,175,74)"
"4","ALMACO","spawningAdult",".","UNMAPPABLE",".","#a65628","rgb(166,86,40)"
"5","ALMACOJACK","adult","https://api.mapbox.com/styles/v1/ceroberts/ciya8ra9q002g2sqjdmcijzxr/tiles/256/{z}/{x}/{y}?access_token=pk.eyJ1IjoiY2Vyb2JlcnRzIiwiYSI6ImNpeTM1Y2dsazAwM24ycXBneTN2YTAzN2gifQ.2M7HwRpElO_DHWaeqTXc8g","UNIQUE","X:\Claire\EFH GIS files\SpeciesHabitatLayers\Almaco Jack\adultsDis","#ffff33","rgb(255,255,51)"
"6","ALMACOJACK","earlyJuvenile","https://api.mapbox.com/styles/v1/auburngrad2015/ciyfz9p9o000x2sl8mptahh45/tiles/256/{z}/{x}/{y}?access_token=pk.eyJ1IjoiYXVidXJuZ3JhZDIwMTUiLCJhIjoiY2l5ZWhvaHplMDB3MjJxbXA1MHF5czR0biJ9.rEHf8qpxUi9Uv0rjMO0fEg","GREATERAMBERJACK/ALMACOJACK","X:\Claire\EFH GIS files\SpeciesHabitatLayers\Almaco Jack\earlyJuveniles","#984EA3","rgb(152,78,163)"
"7","BANDEDRUDDERFISH","eggs",".","UNMAPPABLE",".","#F781BF","rgb(247,129,191)"
"8","BANDEDRUDDERFISH","larvae","https://api.mapbox.com/styles/v1/auburngrad2015/ciyg583fy001q2sl8bnvphfq3/tiles/256/{z}/{x}/{y}?access_token=pk.eyJ1IjoiYXVidXJuZ3JhZDIwMTUiLCJhIjoiY2l5ZWhvaHplMDB3MjJxbXA1MHF5czR0biJ9.rEHf8qpxUi9Uv0rjMO0fEg","YELLOWTAILSNAPPER/BANDEDRUDDERFISH","X:\Claire\EFH GIS files\SpeciesHabitatLayers\Banded Rudderfish\larvae","#E41A1C","rgb(228,26,28)"
"9","BANDEDRUDDERFISH","postLarvae","https://api.mapbox.com/styles/v1/auburngrad2015/ciyg5vkxp001q2slujvqmbla8/tiles/256/{z}/{x}/{y}?access_token=pk.eyJ1IjoiYXVidXJuZ3JhZDIwMTUiLCJhIjoiY2l5ZWhvaHplMDB3MjJxbXA1MHF5czR0biJ9.rEHf8qpxUi9Uv0rjMO0fEg","YELLOWTAILSNAPPER/BANDEDRUDDERFISH","X:\Claire\EFH GIS files\SpeciesHabitatLayers\Banded Rudderfish\postLarvae","#4DAF4A","rgb(77,175,74)"
"10","BLACKFINSNAPPER","adult","https://api.mapbox.com/styles/v1/claireroberts/cixvv3xeh00062sp6cf169n4u/tiles/256/{z}/{x}/{y}?access_token=pk.eyJ1IjoiY2xhaXJlcm9iZXJ0cyIsImEiOiJjaWtqdTFyZ3UwOGw2dnRrbTlibDd2OW9yIn0.ccw4vPRr3LiUpAcqyThNig","UNIQUE","X:\Claire\EFH GIS files\SpeciesHabitatLayers\Blackfin Snapper\adultsDis","#ffff33","rgb(255,255,51)"
"11","BLACKFINSNAPPER","earlyJuvenile","https://api.mapbox.com/styles/v1/claireroberts/cixvv584j00092rr0n2pltckb/tiles/256/{z}/{x}/{y}?access_token=pk.eyJ1IjoiY2xhaXJlcm9iZXJ0cyIsImEiOiJjaWtqdTFyZ3UwOGw2dnRrbTlibDd2OW9yIn0.ccw4vPRr3LiUpAcqyThNig","UNIQUE","X:\Claire\EFH GIS files\SpeciesHabitatLayers\Blackfin Snapper\earlyJuvenilesDis","#984EA3","rgb(152,78,163)"
"12","BLACKFINSNAPPER","lateJuvenile","https://api.mapbox.com/styles/v1/claireroberts/cixvv6944000a2rr02ll92mog/tiles/256/{z}/{x}/{y}?access_token=pk.eyJ1IjoiY2xhaXJlcm9iZXJ0cyIsImEiOiJjaWtqdTFyZ3UwOGw2dnRrbTlibDd2OW9yIn0.ccw4vPRr3LiUpAcqyThNig","UNIQUE","X:\Claire\EFH GIS files\SpeciesHabitatLayers\Blackfin Snapper\lateJuvenilesDis","#FF7F00","rgb(255,127,0)"
"13","BLACKFINSNAPPER","spawningAdult","https://api.mapbox.com/styles/v1/claireroberts/cixvv25ld00052sp6zmwzzije/tiles/256/{z}/{x}/{y}?access_token=pk.eyJ1IjoiY2xhaXJlcm9iZXJ0cyIsImEiOiJjaWtqdTFyZ3UwOGw2dnRrbTlibDd2OW9yIn0.ccw4vPRr3LiUpAcqyThNig","BLACKFINSNAPPER/REDGROUPER","X:\Claire\EFH GIS files\SpeciesHabitatLayers\Blackfin Snapper\spawningAdultsDis","#a65628","rgb(166,86,40)"
"14","BLACKFINSNAPPER","larvae",".","UNMAPPABLE",".","#E41A1C","rgb(228,26,28)"
"15","BLACKFINSNAPPER","postLarvae",".","UNMAPPABLE",".","#4DAF4A","rgb(77,175,74)"
"16","BLACKFINSNAPPER","eggs","https://api.mapbox.com/styles/v1/auburngrad2015/ciyek5tfq00172so4fjucp7e8/tiles/256/{z}/{x}/{y}?access_token=pk.eyJ1IjoiYXVidXJuZ3JhZDIwMTUiLCJhIjoiY2l5ZWhvaHplMDB3MjJxbXA1MHF5czR0biJ9.rEHf8qpxUi9Uv0rjMO0fEg","BLACKFINSNAPPER/GRAYSNAPPER/SPECKLEDHIND/REDGROUPER/GAG/SCAMP/BLUELINETILEFISH/BLACKGROUPER","X:\Claire\EFH GIS files\SpeciesHabitatLayers\Blackfin Snapper\eggs","#F781BF","rgb(247,129,191)"
"17","BLACKGROUPER","adult","https://api.mapbox.com/styles/v1/claireroberts/cixuhtoo1002t2rnrcn7gtc2t/tiles/256/{z}/{x}/{y}?access_token=pk.eyJ1IjoiY2xhaXJlcm9iZXJ0cyIsImEiOiJjaWtqdTFyZ3UwOGw2dnRrbTlibDd2OW9yIn0.ccw4vPRr3LiUpAcqyThNig","BLACKGROUPER/HOGFISH/REDGROUPER/SCAMP/YELLOWTAILSNAPPER","X:\Claire\EFH GIS files\SpeciesHabitatLayers\Black Grouper\adultsDis","#ffff33","rgb(255,255,51)"
"18","BLACKGROUPER","earlyJuvenile","https://api.mapbox.com/styles/v1/claireroberts/cixvtd3g400062rr05pz3dn9x/tiles/256/{z}/{x}/{y}?access_token=pk.eyJ1IjoiY2xhaXJlcm9iZXJ0cyIsImEiOiJjaWtqdTFyZ3UwOGw2dnRrbTlibDd2OW9yIn0.ccw4vPRr3LiUpAcqyThNig","HOGFISH/BLACKGROUPER","X:\Claire\EFH GIS files\SpeciesHabitatLayers\Black Grouper\earlyJuvenilesDis","#984EA3","rgb(152,78,163)"
"19","BLACKGROUPER","lateJuvenile","https://api.mapbox.com/styles/v1/claireroberts/cixuq2tpu00322rlar9seu31d/tiles/256/{z}/{x}/{y}?access_token=pk.eyJ1IjoiY2xhaXJlcm9iZXJ0cyIsImEiOiJjaWtqdTFyZ3UwOGw2dnRrbTlibDd2OW9yIn0.ccw4vPRr3LiUpAcqyThNig","UNIQUE","X:\Claire\EFH GIS files\SpeciesHabitatLayers\Black Grouper\lateJuvenilesDis","#FF7F00","rgb(255,127,0)"
"20","BLACKGROUPER","spawningAdult","https://api.mapbox.com/styles/v1/claireroberts/cixvtl4lu00062rmh4zwjqoe6/tiles/256/{z}/{x}/{y}?access_token=pk.eyJ1IjoiY2xhaXJlcm9iZXJ0cyIsImEiOiJjaWtqdTFyZ3UwOGw2dnRrbTlibDd2OW9yIn0.ccw4vPRr3LiUpAcqyThNig","BLACKGROUPER/SCAMP","X:\Claire\EFH GIS files\SpeciesHabitatLayers\Black Grouper\spawningAdultsDis","#a65628","rgb(166,86,40)"
"21","BLACKGROUPER","eggs","https://api.mapbox.com/styles/v1/auburngrad2015/ciyek5tfq00172so4fjucp7e8/tiles/256/{z}/{x}/{y}?access_token=pk.eyJ1IjoiYXVidXJuZ3JhZDIwMTUiLCJhIjoiY2l5ZWhvaHplMDB3MjJxbXA1MHF5czR0biJ9.rEHf8qpxUi9Uv0rjMO0fEg","BLACKFINSNAPPER/GRAYSNAPPER/SPECKLEDHIND/REDGROUPER/GAG/SCAMP/BLUELINETILEFISH/BLACKGROUPER","X:\Claire\EFH GIS files\SpeciesHabitatLayers\Black Grouper\eggs","#F781BF","rgb(247,129,191)"
"22","BLACKGROUPER","larvae","https://api.mapbox.com/styles/v1/auburngrad2015/ciyfysi9m000p2ro4ny4r8avp/tiles/256/{z}/{x}/{y}?access_token=pk.eyJ1IjoiYXVidXJuZ3JhZDIwMTUiLCJhIjoiY2l5ZWhvaHplMDB3MjJxbXA1MHF5czR0biJ9.rEHf8qpxUi9Uv0rjMO0fEg","GRAYSNAPPER/SPECKLEDHIND/REDGROUPER/GAG/SCAMP/BLUELINETILEFISH/BLACKGROUPER","X:\Claire\EFH GIS files\SpeciesHabitatLayers\Black Grouper\larvae","#E41A1C","rgb(228,26,28)"
"23","BLACKGROUPER","postLarvae","https://api.mapbox.com/styles/v1/auburngrad2015/ciyg4rco3001t2smf18mbt7cb/tiles/256/{z}/{x}/{y}?access_token=pk.eyJ1IjoiYXVidXJuZ3JhZDIwMTUiLCJhIjoiY2l5ZWhvaHplMDB3MjJxbXA1MHF5czR0biJ9.rEHf8qpxUi9Uv0rjMO0fEg","SPECKLEDHIND/GAG/SCAMP/BLUELINETILEFISH/BLACKGROUPER","X:\Claire\EFH GIS files\SpeciesHabitatLayers\Black Grouper\postLarvae","#4DAF4A","rgb(77,175,74)"
"24","BLUELINETILEFISH","larvae","https://api.mapbox.com/styles/v1/auburngrad2015/ciyfysi9m000p2ro4ny4r8avp/tiles/256/{z}/{x}/{y}?access_token=pk.eyJ1IjoiYXVidXJuZ3JhZDIwMTUiLCJhIjoiY2l5ZWhvaHplMDB3MjJxbXA1MHF5czR0biJ9.rEHf8qpxUi9Uv0rjMO0fEg","GRAYSNAPPER/SPECKLEDHIND/REDGROUPER/GAG/SCAMP/BLUELINETILEFISH/BLACKGROUPER","X:\Claire\EFH GIS files\SpeciesHabitatLayers\Blueline Tilefish\larvae","#E41A1C","rgb(228,26,28)"
"25","BLUELINETILEFISH","adult","https://api.mapbox.com/styles/v1/claireroberts/cixvyqrtm000m2soz3at5mtsi/tiles/256/{z}/{x}/{y}?access_token=pk.eyJ1IjoiY2xhaXJlcm9iZXJ0cyIsImEiOiJjaWtqdTFyZ3UwOGw2dnRrbTlibDd2OW9yIn0.ccw4vPRr3LiUpAcqyThNig","UNIQUE","X:\Claire\EFH GIS files\SpeciesHabitatLayers\Blueline Tilefish\adultsDis","#ffff33","rgb(255,255,51)"
"26","BLUELINETILEFISH","spawningAdult","https://api.mapbox.com/styles/v1/claireroberts/cixvyr7th000d2sp60l24qwse/tiles/256/{z}/{x}/{y}?access_token=pk.eyJ1IjoiY2xhaXJlcm9iZXJ0cyIsImEiOiJjaWtqdTFyZ3UwOGw2dnRrbTlibDd2OW9yIn0.ccw4vPRr3LiUpAcqyThNig","SPECKLEDHIND/BLUELINETILEFISH","X:\Claire\EFH GIS files\SpeciesHabitatLayers\Blueline Tilefish\spawningAdultsDis","#a65628","rgb(166,86,40)"
"27","BLUELINETILEFISH","earlyJuvenile",".","UNMAPPABLE",".","#984EA3","rgb(152,78,163)"
"28","BLUELINETILEFISH","lateJuvenile",".","UNMAPPABLE",".","#FF7F00","rgb(255,127,0)"
"29","BLUELINETILEFISH","eggs","https://api.mapbox.com/styles/v1/auburngrad2015/ciyek5tfq00172so4fjucp7e8/tiles/256/{z}/{x}/{y}?access_token=pk.eyJ1IjoiYXVidXJuZ3JhZDIwMTUiLCJhIjoiY2l5ZWhvaHplMDB3MjJxbXA1MHF5czR0biJ9.rEHf8qpxUi9Uv0rjMO0fEg","BLACKFINSNAPPER/GRAYSNAPPER/SPECKLEDHIND/REDGROUPER/GAG/SCAMP/BLUELINETILEFISH/BLACKGROUPER","X:\Claire\EFH GIS files\SpeciesHabitatLayers\Blueline Tilefish\eggs","#F781BF","rgb(247,129,191)"
"30","BLUELINETILEFISH","postLarvae","https://api.mapbox.com/styles/v1/auburngrad2015/ciyg4rco3001t2smf18mbt7cb/tiles/256/{z}/{x}/{y}?access_token=pk.eyJ1IjoiYXVidXJuZ3JhZDIwMTUiLCJhIjoiY2l5ZWhvaHplMDB3MjJxbXA1MHF5czR0biJ9.rEHf8qpxUi9Uv0rjMO0fEg","SPECKLEDHIND/GAG/SCAMP/BLUELINETILEFISH/BLACKGROUPER","X:\Claire\EFH GIS files\SpeciesHabitatLayers\Blueline Tilefish\postLarvae","#4DAF4A","rgb(77,175,74)"
"31","BROWNSHRIMP","fertilizedEgg","https://api.mapbox.com/styles/v1/claireroberts/cixw2fmo1000p2rqjl5mz0ysz/tiles/256/{z}/{x}/{y}?access_token=pk.eyJ1IjoiY2xhaXJlcm9iZXJ0cyIsImEiOiJjaWtqdTFyZ3UwOGw2dnRrbTlibDd2OW9yIn0.ccw4vPRr3LiUpAcqyThNig","UNIQUE","X:\Claire\EFH GIS files\SpeciesHabitatLayers\Brown Shrimp\fertilizedEggsDis","#F781BF","rgb(247,129,191)"
"32","BROWNSHRIMP","latePostlarvaeJuvenile","https://api.mapbox.com/styles/v1/claireroberts/cixw2agwq000t2sp6xcscej35/tiles/256/{z}/{x}/{y}?access_token=pk.eyJ1IjoiY2xhaXJlcm9iZXJ0cyIsImEiOiJjaWtqdTFyZ3UwOGw2dnRrbTlibDd2OW9yIn0.ccw4vPRr3LiUpAcqyThNig","UNIQUE","X:\Claire\EFH GIS files\SpeciesHabitatLayers\Brown Shrimp\latePostlarvaeJuvenilesDis","#984EA3","rgb(152,78,163)"
"33","BROWNSHRIMP","nonSpawningAdult","https://api.mapbox.com/styles/v1/claireroberts/cixw2795f000p2rr0uwf6z8ja/tiles/256/{z}/{x}/{y}?access_token=pk.eyJ1IjoiY2xhaXJlcm9iZXJ0cyIsImEiOiJjaWtqdTFyZ3UwOGw2dnRrbTlibDd2OW9yIn0.ccw4vPRr3LiUpAcqyThNig","UNIQUE","X:\Claire\EFH GIS files\SpeciesHabitatLayers\Brown Shrimp\nonSpawningAdultsDis","#ffff33","rgb(255,255,51)"
"34","BROWNSHRIMP","spawningAdult","https://api.mapbox.com/styles/v1/claireroberts/cixw23wd4000t2rmhw2nvi2d4/tiles/256/{z}/{x}/{y}?access_token=pk.eyJ1IjoiY2xhaXJlcm9iZXJ0cyIsImEiOiJjaWtqdTFyZ3UwOGw2dnRrbTlibDd2OW9yIn0.ccw4vPRr3LiUpAcqyThNig","UNIQUE","X:\Claire\EFH GIS files\SpeciesHabitatLayers\Brown Shrimp\spawningAdultsDis","#a65628","rgb(166,86,40)"
"35","BROWNSHRIMP","subAdult","https://api.mapbox.com/styles/v1/claireroberts/cixw20kuy000r2rmh844p4jg9/tiles/256/{z}/{x}/{y}?access_token=pk.eyJ1IjoiY2xhaXJlcm9iZXJ0cyIsImEiOiJjaWtqdTFyZ3UwOGw2dnRrbTlibDd2OW9yIn0.ccw4vPRr3LiUpAcqyThNig","UNIQUE","X:\Claire\EFH GIS files\SpeciesHabitatLayers\Brown Shrimp\subAdultsDis","#FF7F00","rgb(255,127,0)"
"36","BROWNSHRIMP","larvae","https://api.mapbox.com/styles/v1/auburngrad2015/ciyg6dzap00172ro42e2mh3s2/tiles/256/{z}/{x}/{y}?access_token=pk.eyJ1IjoiYXVidXJuZ3JhZDIwMTUiLCJhIjoiY2l5ZWhvaHplMDB3MjJxbXA1MHF5czR0biJ9.rEHf8qpxUi9Uv0rjMO0fEg","UNIQUE","X:\Claire\EFH GIS files\SpeciesHabitatLayers\Brown Shrimp\larvae","#E41A1C","rgb(228,26,28)"
"37","COBIA","adult","https://api.mapbox.com/styles/v1/auburngrad2015/ciyeosl4j001t2smycwbss1mp/tiles/256/{z}/{x}/{y}?access_token=pk.eyJ1IjoiYXVidXJuZ3JhZDIwMTUiLCJhIjoiY2l5ZWhvaHplMDB3MjJxbXA1MHF5czR0biJ9.rEHf8qpxUi9Uv0rjMO0fEg","COBIA/GREATERAMBERJACK/KINGMACKEREL","X:\Claire\EFH GIS files\SpeciesHabitatLayers\Cobia\WCA_adult","#ffff33","rgb(255,255,51)"
"38","COBIA","spawningAdult",".","UNMAPPABLE",".","#a65628","rgb(166,86,40)"
"39","COBIA","eggs","https://api.mapbox.com/styles/v1/auburngrad2015/ciyg6i4pu001w2sl8ruqmay8l/tiles/256/{z}/{x}/{y}?access_token=pk.eyJ1IjoiYXVidXJuZ3JhZDIwMTUiLCJhIjoiY2l5ZWhvaHplMDB3MjJxbXA1MHF5czR0biJ9.rEHf8qpxUi9Uv0rjMO0fEg","UNIQUE","X:\Claire\EFH GIS files\SpeciesHabitatLayers\Cobia\eggs","#F781BF","rgb(247,129,191)"
"40","COBIA","larvae","https://api.mapbox.com/styles/v1/auburngrad2015/ciyg6mb2700152smy5nxk3viz/tiles/256/{z}/{x}/{y}?access_token=pk.eyJ1IjoiYXVidXJuZ3JhZDIwMTUiLCJhIjoiY2l5ZWhvaHplMDB3MjJxbXA1MHF5czR0biJ9.rEHf8qpxUi9Uv0rjMO0fEg","UNIQUE","X:\Claire\EFH GIS files\SpeciesHabitatLayers\Cobia\larvae","#E41A1C","rgb(228,26,28)"
"41","COBIA","postLarvae","https://api.mapbox.com/styles/v1/aquilonaris/ciyg7gcyt001b2smy6a9t14kf/tiles/256/{z}/{x}/{y}?access_token=pk.eyJ1IjoiYXF1aWxvbmFyaXMiLCJhIjoiY2l5ZzcyMWQ4MDJsazMyb2UwejJueWM1NCJ9.3F8adUgHr-az14e3cqcENQ","UNIQUE","X:\Claire\EFH GIS files\SpeciesHabitatLayers\Cobia\postLarvae","#4DAF4A","rgb(77,175,74)"
"42","COBIA","earlyJuvenile","https://api.mapbox.com/styles/v1/aquilonaris/ciyg7h85n00202sl8473u8g3h/tiles/256/{z}/{x}/{y}?access_token=pk.eyJ1IjoiYXF1aWxvbmFyaXMiLCJhIjoiY2l5ZzcyMWQ4MDJsazMyb2UwejJueWM1NCJ9.3F8adUgHr-az14e3cqcENQ","UNIQUE","X:\Claire\EFH GIS files\SpeciesHabitatLayers\Cobia\earlyJuveniles","#984EA3","rgb(152,78,163)"
"43","COBIA","lateJuvenile","https://api.mapbox.com/styles/v1/aquilonaris/ciyg7i10b001a2ro4po1rkuax/tiles/256/{z}/{x}/{y}?access_token=pk.eyJ1IjoiYXF1aWxvbmFyaXMiLCJhIjoiY2l5ZzcyMWQ4MDJsazMyb2UwejJueWM1NCJ9.3F8adUgHr-az14e3cqcENQ","UNIQUE","X:\Claire\EFH GIS files\SpeciesHabitatLayers\Cobia\lateJuveniles","#FF7F00","rgb(255,127,0)"
"44","CUBERASNAPPER","adult","https://api.mapbox.com/styles/v1/claireroberts/cixw8ay8200122rqj0ymtz2hl/tiles/256/{z}/{x}/{y}?access_token=pk.eyJ1IjoiY2xhaXJlcm9iZXJ0cyIsImEiOiJjaWtqdTFyZ3UwOGw2dnRrbTlibDd2OW9yIn0.ccw4vPRr3LiUpAcqyThNig","UNIQUE","X:\Claire\EFH GIS files\SpeciesHabitatLayers\Cubera Snapper\adults","#ffff33","rgb(255,255,51)"
"45","CUBERASNAPPER","earlyJuvenile","https://api.mapbox.com/styles/v1/claireroberts/ciy1ixazz005j2rmhop5py8gu/tiles/256/{z}/{x}/{y}?access_token=pk.eyJ1IjoiY2xhaXJlcm9iZXJ0cyIsImEiOiJjaWtqdTFyZ3UwOGw2dnRrbTlibDd2OW9yIn0.ccw4vPRr3LiUpAcqyThNig","UNIQUE","X:\Claire\EFH GIS files\SpeciesHabitatLayers\Cubera Snapper\earlyJuvenilesDis","#984EA3","rgb(152,78,163)"
"46","CUBERASNAPPER","lateJuvenile","https://api.mapbox.com/styles/v1/claireroberts/ciy1j990e00672soz2jdm3a6e/tiles/256/{z}/{x}/{y}?access_token=pk.eyJ1IjoiY2xhaXJlcm9iZXJ0cyIsImEiOiJjaWtqdTFyZ3UwOGw2dnRrbTlibDd2OW9yIn0.ccw4vPRr3LiUpAcqyThNig","UNIQUE","X:\Claire\EFH GIS files\SpeciesHabitatLayers\Cubera Snapper\lateJuvenilesDis","#FF7F00","rgb(255,127,0)"
"47","CUBERASNAPPER","spawningAdult","https://api.mapbox.com/styles/v1/claireroberts/ciy1jcp7o00692rqju3fbm7qm/tiles/256/{z}/{x}/{y}?access_token=pk.eyJ1IjoiY2xhaXJlcm9iZXJ0cyIsImEiOiJjaWtqdTFyZ3UwOGw2dnRrbTlibDd2OW9yIn0.ccw4vPRr3LiUpAcqyThNig","UNIQUE","X:\Claire\EFH GIS files\SpeciesHabitatLayers\Cubera Snapper\spawningAdultsDis","#a65628","rgb(166,86,40)"
"48","CUBERASNAPPER","larvae",".","UNMAPPABLE",".","#E41A1C","rgb(228,26,28)"
"49","CUBERASNAPPER","postLarvae",".","UNMAPPABLE",".","#4DAF4A","rgb(77,175,74)"
"50","CUBERASNAPPER","eggs","https://api.mapbox.com/styles/v1/aquilonaris/ciyg7ion3001c2smyb6x77ytx/tiles/256/{z}/{x}/{y}?access_token=pk.eyJ1IjoiYXF1aWxvbmFyaXMiLCJhIjoiY2l5ZzcyMWQ4MDJsazMyb2UwejJueWM1NCJ9.3F8adUgHr-az14e3cqcENQ","UNIQUE","X:\Claire\EFH GIS files\SpeciesHabitatLayers\Cubera Snapper\eggs","#F781BF","rgb(247,129,191)"
"51","GAG","adult","https://api.mapbox.com/styles/v1/jfroeschke/ciy1o4dqo006h2rqjqip4yh2o/tiles/256/{z}/{x}/{y}?access_token=pk.eyJ1IjoiamZyb2VzY2hrZSIsImEiOiI5SHgwTWk4In0.J6IfXVALdDraXPBfPcyITg","REDSNAPPER/VERMILIONSNAPPER/GAG/GRAYTRIGGERFISH","X:\Claire\EFH GIS files\SpeciesHabitatLayers\Gag\adultsDis","#ffff33","rgb(255,255,51)"
"52","GAG","earlyJuvenile","https://api.mapbox.com/styles/v1/jfroeschke/ciy1o1mel006f2rqjplmklx33/tiles/256/{z}/{x}/{y}?access_token=pk.eyJ1IjoiamZyb2VzY2hrZSIsImEiOiI5SHgwTWk4In0.J6IfXVALdDraXPBfPcyITg","YELLOWTAILSNAPPER/GAG","X:\Claire\EFH GIS files\SpeciesHabitatLayers\Gag\earlyJuvenilesDis","#984EA3","rgb(152,78,163)"
"53","GAG","lateJuvenile","https://api.mapbox.com/styles/v1/jfroeschke/ciy1nyd32005f2rr0m24uxxjc/tiles/256/{z}/{x}/{y}?access_token=pk.eyJ1IjoiamZyb2VzY2hrZSIsImEiOiI5SHgwTWk4In0.J6IfXVALdDraXPBfPcyITg","UNIQUE","X:\Claire\EFH GIS files\SpeciesHabitatLayers\Gag\lateJuvenilesDis","#FF7F00","rgb(255,127,0)"
"54","GAG","spawningAdult","https://api.mapbox.com/styles/v1/jfroeschke/ciy1nt6hk006i2sozb1nu2s8f/tiles/256/{z}/{x}/{y}?access_token=pk.eyJ1IjoiamZyb2VzY2hrZSIsImEiOiI5SHgwTWk4In0.J6IfXVALdDraXPBfPcyITg","UNIQUE","X:\Claire\EFH GIS files\SpeciesHabitatLayers\Gag\spawningAdultsDis","#a65628","rgb(166,86,40)"
"55","GAG","eggs","https://api.mapbox.com/styles/v1/auburngrad2015/ciyek5tfq00172so4fjucp7e8/tiles/256/{z}/{x}/{y}?access_token=pk.eyJ1IjoiYXVidXJuZ3JhZDIwMTUiLCJhIjoiY2l5ZWhvaHplMDB3MjJxbXA1MHF5czR0biJ9.rEHf8qpxUi9Uv0rjMO0fEg","BLACKFINSNAPPER/GRAYSNAPPER/SPECKLEDHIND/REDGROUPER/GAG/SCAMP/BLUELINETILEFISH/BLACKGROUPER","X:\Claire\EFH GIS files\SpeciesHabitatLayers\Gag\eggs","#F781BF","rgb(247,129,191)"
"56","GAG","larvae","https://api.mapbox.com/styles/v1/auburngrad2015/ciyfysi9m000p2ro4ny4r8avp/tiles/256/{z}/{x}/{y}?access_token=pk.eyJ1IjoiYXVidXJuZ3JhZDIwMTUiLCJhIjoiY2l5ZWhvaHplMDB3MjJxbXA1MHF5czR0biJ9.rEHf8qpxUi9Uv0rjMO0fEg","GRAYSNAPPER/SPECKLEDHIND/REDGROUPER/GAG/SCAMP/BLUELINETILEFISH/BLACKGROUPER","X:\Claire\EFH GIS files\SpeciesHabitatLayers\Gag\larvae","#E41A1C","rgb(228,26,28)"
"57","GAG","postLarvae","https://api.mapbox.com/styles/v1/auburngrad2015/ciyg4rco3001t2smf18mbt7cb/tiles/256/{z}/{x}/{y}?access_token=pk.eyJ1IjoiYXVidXJuZ3JhZDIwMTUiLCJhIjoiY2l5ZWhvaHplMDB3MjJxbXA1MHF5czR0biJ9.rEHf8qpxUi9Uv0rjMO0fEg","SPECKLEDHIND/GAG/SCAMP/BLUELINETILEFISH/BLACKGROUPER","X:\Claire\EFH GIS files\SpeciesHabitatLayers\Gag\postLarvae","#4DAF4A","rgb(77,175,74)"
"58","GOLDFACETILEFISH","adult","https://api.mapbox.com/styles/v1/jfroeschke/ciy1pk6zc006m2rqj13lxx27u/tiles/256/{z}/{x}/{y}?access_token=pk.eyJ1IjoiamZyb2VzY2hrZSIsImEiOiI5SHgwTWk4In0.J6IfXVALdDraXPBfPcyITg","UNIQUE","X:\Claire\EFH GIS files\SpeciesHabitatLayers\Goldface Tilefish\adultsDis","#ffff33","rgb(255,255,51)"
"59","GOLDFACETILEFISH","eggs",".","UNMAPPABLE",".","#F781BF","rgb(247,129,191)"
"60","GOLDFACETILEFISH","larvae",".","UNMAPPABLE",".","#E41A1C","rgb(228,26,28)"
"61","GOLDFACETILEFISH","postLarvae",".","UNMAPPABLE",".","#4DAF4A","rgb(77,175,74)"
"62","GOLDFACETILEFISH","earlyJuvenile",".","UNMAPPABLE",".","#984EA3","rgb(152,78,163)"
"63","GOLDFACETILEFISH","lateJuvenile",".","UNMAPPABLE",".","#FF7F00","rgb(255,127,0)"
"64","GOLDFACETILEFISH","spawningAdult",".","UNMAPPABLE",".","#a65628","rgb(166,86,40)"
"65","GOLIATHGROUPER","adult","https://api.mapbox.com/styles/v1/jfroeschke/ciy1pww59006o2rqj7kfz8eqw/tiles/256/{z}/{x}/{y}?access_token=pk.eyJ1IjoiamZyb2VzY2hrZSIsImEiOiI5SHgwTWk4In0.J6IfXVALdDraXPBfPcyITg","UNIQUE","X:\Claire\EFH GIS files\SpeciesHabitatLayers\Goliath Grouper\adultsDis","#ffff33","rgb(255,255,51)"
"66","GOLIATHGROUPER","earlyJuvenile","https://api.mapbox.com/styles/v1/jfroeschke/ciy1uiu06005i2sp64rl11gbv/tiles/256/{z}/{x}/{y}?access_token=pk.eyJ1IjoiamZyb2VzY2hrZSIsImEiOiI5SHgwTWk4In0.J6IfXVALdDraXPBfPcyITg","UNIQUE","X:\Claire\EFH GIS files\SpeciesHabitatLayers\Goliath Grouper\earlyJuvenilesDis","#984EA3","rgb(152,78,163)"
"67","GOLIATHGROUPER","lateJuvenile","https://api.mapbox.com/styles/v1/jfroeschke/ciy1so4mp00702rqjyptqp5y8/tiles/256/{z}/{x}/{y}?access_token=pk.eyJ1IjoiamZyb2VzY2hrZSIsImEiOiI5SHgwTWk4In0.J6IfXVALdDraXPBfPcyITg","UNIQUE","X:\Claire\EFH GIS files\SpeciesHabitatLayers\Goliath Grouper\lateJuvenilesDis","#FF7F00","rgb(255,127,0)"
"68","GOLIATHGROUPER","postLarvae","https://api.mapbox.com/styles/v1/jfroeschke/ciy1sfswt006k2rmhpo7vmc44/tiles/256/{z}/{x}/{y}?access_token=pk.eyJ1IjoiamZyb2VzY2hrZSIsImEiOiI5SHgwTWk4In0.J6IfXVALdDraXPBfPcyITg","UNIQUE","X:\Claire\EFH GIS files\SpeciesHabitatLayers\Goliath Grouper\postLarvaeDis","#4DAF4A","rgb(77,175,74)"
"69","GOLIATHGROUPER","spawningAdult","https://api.mapbox.com/styles/v1/jfroeschke/ciy1scecz005t2rr0t63qz3a1/tiles/256/{z}/{x}/{y}?access_token=pk.eyJ1IjoiamZyb2VzY2hrZSIsImEiOiI5SHgwTWk4In0.J6IfXVALdDraXPBfPcyITg","UNIQUE","X:\Claire\EFH GIS files\SpeciesHabitatLayers\Goliath Grouper\spawningAdultsDis","#a65628","rgb(166,86,40)"
"70","GOLIATHGROUPER","larvae","https://api.mapbox.com/styles/v1/auburngrad2015/ciyfxfggn00162sluselpirhp/tiles/256/{z}/{x}/{y}?access_token=pk.eyJ1IjoiYXVidXJuZ3JhZDIwMTUiLCJhIjoiY2l5ZWhvaHplMDB3MjJxbXA1MHF5czR0biJ9.rEHf8qpxUi9Uv0rjMO0fEg","GOLIATHGROUPER/YELLOWMOUTHGROUPER","X:\Claire\EFH GIS files\SpeciesHabitatLayers\Goliath Grouper\larvae","#E41A1C","rgb(228,26,28)"
"71","GOLIATHGROUPER","eggs","https://api.mapbox.com/styles/v1/auburngrad2015/ciyfxgmkq00172slumm8ornly/tiles/256/{z}/{x}/{y}?access_token=pk.eyJ1IjoiYXVidXJuZ3JhZDIwMTUiLCJhIjoiY2l5ZWhvaHplMDB3MjJxbXA1MHF5czR0biJ9.rEHf8qpxUi9Uv0rjMO0fEg","GOLIATHGROUPER/YELLOWMOUTHGROUPER","X:\Claire\EFH GIS files\SpeciesHabitatLayers\Goliath Grouper\eggs","#F781BF","rgb(247,129,191)"
"72","GRAYSNAPPER","adult","https://api.mapbox.com/styles/v1/ceroberts/ciy4ccsmj000p2surwk6jbnch/tiles/256/{z}/{x}/{y}?access_token=pk.eyJ1IjoiY2Vyb2JlcnRzIiwiYSI6ImNpeTM1Y2dsazAwM24ycXBneTN2YTAzN2gifQ.2M7HwRpElO_DHWaeqTXc8g","UNIQUE","X:\Claire\EFH GIS files\SpeciesHabitatLayers\Gray Snapper\adultsDis","#ffff33","rgb(255,255,51)"
"73","GRAYSNAPPER","earlyJuvenile","https://api.mapbox.com/styles/v1/ceroberts/ciy4cbgza000f2so428l2b7gx/tiles/256/{z}/{x}/{y}?access_token=pk.eyJ1IjoiY2Vyb2JlcnRzIiwiYSI6ImNpeTM1Y2dsazAwM24ycXBneTN2YTAzN2gifQ.2M7HwRpElO_DHWaeqTXc8g","UNIQUE","X:\Claire\EFH GIS files\SpeciesHabitatLayers\Gray Snapper\earlyJuvenilesDis","#984EA3","rgb(152,78,163)"
"74","GRAYSNAPPER","lateJuvenile","https://api.mapbox.com/styles/v1/ceroberts/ciy4ca9m5000h2sqo5qggc3py/tiles/256/{z}/{x}/{y}?access_token=pk.eyJ1IjoiY2Vyb2JlcnRzIiwiYSI6ImNpeTM1Y2dsazAwM24ycXBneTN2YTAzN2gifQ.2M7HwRpElO_DHWaeqTXc8g","UNIQUE","X:\Claire\EFH GIS files\SpeciesHabitatLayers\Gray Snapper\lateJuvenilesDis","#FF7F00","rgb(255,127,0)"
"75","GRAYSNAPPER","postLarvae","https://api.mapbox.com/styles/v1/ceroberts/ciy4c9a14000g2sqo299sgf8i/tiles/256/{z}/{x}/{y}?access_token=pk.eyJ1IjoiY2Vyb2JlcnRzIiwiYSI6ImNpeTM1Y2dsazAwM24ycXBneTN2YTAzN2gifQ.2M7HwRpElO_DHWaeqTXc8g","UNIQUE","X:\Claire\EFH GIS files\SpeciesHabitatLayers\Gray Snapper\postLarvaeDis","#4DAF4A","rgb(77,175,74)"
"76","GRAYSNAPPER","spawningAdult","https://api.mapbox.com/styles/v1/ceroberts/ciy4c612c000e2so4fvplo895/tiles/256/{z}/{x}/{y}?access_token=pk.eyJ1IjoiY2Vyb2JlcnRzIiwiYSI6ImNpeTM1Y2dsazAwM24ycXBneTN2YTAzN2gifQ.2M7HwRpElO_DHWaeqTXc8g","UNIQUE","X:\Claire\EFH GIS files\SpeciesHabitatLayers\Gray Snapper\spawningAdultsDis","#a65628","rgb(166,86,40)"
"77","GRAYSNAPPER","eggs","https://api.mapbox.com/styles/v1/auburngrad2015/ciyek5tfq00172so4fjucp7e8/tiles/256/{z}/{x}/{y}?access_token=pk.eyJ1IjoiYXVidXJuZ3JhZDIwMTUiLCJhIjoiY2l5ZWhvaHplMDB3MjJxbXA1MHF5czR0biJ9.rEHf8qpxUi9Uv0rjMO0fEg","BLACKFINSNAPPER/GRAYSNAPPER/SPECKLEDHIND/REDGROUPER/GAG/SCAMP/BLUELINETILEFISH/BLACKGROUPER","X:\Claire\EFH GIS files\SpeciesHabitatLayers\Gray Snapper\eggs","#F781BF","rgb(247,129,191)"
"78","GRAYSNAPPER","larvae","https://api.mapbox.com/styles/v1/auburngrad2015/ciyfysi9m000p2ro4ny4r8avp/tiles/256/{z}/{x}/{y}?access_token=pk.eyJ1IjoiYXVidXJuZ3JhZDIwMTUiLCJhIjoiY2l5ZWhvaHplMDB3MjJxbXA1MHF5czR0biJ9.rEHf8qpxUi9Uv0rjMO0fEg","GRAYSNAPPER/SPECKLEDHIND/REDGROUPER/GAG/SCAMP/BLUELINETILEFISH/BLACKGROUPER","X:\Claire\EFH GIS files\SpeciesHabitatLayers\Gray Snapper\larvae","#E41A1C","rgb(228,26,28)"
"79","GRAYTRIGGERFISH","adult","https://api.mapbox.com/styles/v1/jfroeschke/ciy1o4dqo006h2rqjqip4yh2o/tiles/256/{z}/{x}/{y}?access_token=pk.eyJ1IjoiamZyb2VzY2hrZSIsImEiOiI5SHgwTWk4In0.J6IfXVALdDraXPBfPcyITg","REDSNAPPER/VERMILIONSNAPPER/GAG/GRAYTRIGGERFISH","X:\Claire\EFH GIS files\SpeciesHabitatLayers\Gray Triggerfish\adultsDis","#ffff33","rgb(255,255,51)"
"80","GRAYTRIGGERFISH","earlyJuvenile","https://api.mapbox.com/styles/v1/jfroeschke/ciy1vglx300772rqjv3vcpr0z/tiles/256/{z}/{x}/{y}?access_token=pk.eyJ1IjoiamZyb2VzY2hrZSIsImEiOiI5SHgwTWk4In0.J6IfXVALdDraXPBfPcyITg","UNIQUE","X:\Claire\EFH GIS files\SpeciesHabitatLayers\Gray Triggerfish\earlyJuvenilesDis","#984EA3","rgb(152,78,163)"
"81","GRAYTRIGGERFISH","lateJuvenile","https://api.mapbox.com/styles/v1/jfroeschke/ciy1vdn9u005m2sp6pn7hlkry/tiles/256/{z}/{x}/{y}?access_token=pk.eyJ1IjoiamZyb2VzY2hrZSIsImEiOiI5SHgwTWk4In0.J6IfXVALdDraXPBfPcyITg","UNIQUE","X:\Claire\EFH GIS files\SpeciesHabitatLayers\Gray Triggerfish\lateJuvenilesDis","#FF7F00","rgb(255,127,0)"
"82","GRAYTRIGGERFISH","spawningAdult","https://api.mapbox.com/styles/v1/jfroeschke/ciy1va464005k2sp6cpk6mg12/tiles/256/{z}/{x}/{y}?access_token=pk.eyJ1IjoiamZyb2VzY2hrZSIsImEiOiI5SHgwTWk4In0.J6IfXVALdDraXPBfPcyITg","UNIQUE","X:\Claire\EFH GIS files\SpeciesHabitatLayers\Gray Triggerfish\spawningAdultsDis","#a65628","rgb(166,86,40)"
"83","GRAYTRIGGERFISH","larvae",".","UNMAPPABLE",".","#E41A1C","rgb(228,26,28)"
"84","GRAYTRIGGERFISH","postLarvae",".","UNMAPPABLE",".","#4DAF4A","rgb(77,175,74)"
"85","GRAYTRIGGERFISH","earlyJuvenile",".","UNMAPPABLE",".","#984EA3","rgb(152,78,163)"
"86","GRAYTRIGGERFISH","eggs","https://api.mapbox.com/styles/v1/aquilonaris/ciyk2thgv000k2snn5myhmexc/tiles/256/{z}/{x}/{y}?access_token=pk.eyJ1IjoiYXF1aWxvbmFyaXMiLCJhIjoiY2l5ZzcyMWQ4MDJsazMyb2UwejJueWM1NCJ9.3F8adUgHr-az14e3cqcENQ","UNIQUE","X:\Claire\EFH GIS files\SpeciesHabitatLayers\Gray Triggerfish\EGGS","#F781BF","rgb(247,129,191)"
"87","GREATERAMBERJACK","adult","https://api.mapbox.com/styles/v1/auburngrad2015/ciyeosl4j001t2smycwbss1mp/tiles/256/{z}/{x}/{y}?access_token=pk.eyJ1IjoiYXVidXJuZ3JhZDIwMTUiLCJhIjoiY2l5ZWhvaHplMDB3MjJxbXA1MHF5czR0biJ9.rEHf8qpxUi9Uv0rjMO0fEg","COBIA/GREATERAMBERJACK/KINGMACKEREL","X:\Claire\EFH GIS files\SpeciesHabitatLayers\Greater Amberjack\WCA_adult","#ffff33","rgb(255,255,51)"
"88","GREATERAMBERJACK","lateJuvenile","https://api.mapbox.com/styles/v1/aquilonaris/ciyk36a80000l2snnkr8eklh8/tiles/256/{z}/{x}/{y}?access_token=pk.eyJ1IjoiYXF1aWxvbmFyaXMiLCJhIjoiY2l5ZzcyMWQ4MDJsazMyb2UwejJueWM1NCJ9.3F8adUgHr-az14e3cqcENQ","UNIQUE","X:\Claire\EFH GIS files\SpeciesHabitatLayers\Greater Amberjack\WCA_lateJuveniles","#FF7F00","rgb(255,127,0)"
"89","GREATERAMBERJACK","spawningAdult","https://api.mapbox.com/styles/v1/aquilonaris/ciyk4w2bj000n2smga7a6ozvi/tiles/256/{z}/{x}/{y}?access_token=pk.eyJ1IjoiYXF1aWxvbmFyaXMiLCJhIjoiY2l5ZzcyMWQ4MDJsazMyb2UwejJueWM1NCJ9.3F8adUgHr-az14e3cqcENQ","UNIQUE","X:\Claire\EFH GIS files\SpeciesHabitatLayers\Greater Amberjack\WCA_spawningAdults","#a65628","rgb(166,86,40)"
"90","GREATERAMBERJACK","earlyJuvenile","https://api.mapbox.com/styles/v1/auburngrad2015/ciyfz9p9o000x2sl8mptahh45/tiles/256/{z}/{x}/{y}?access_token=pk.eyJ1IjoiYXVidXJuZ3JhZDIwMTUiLCJhIjoiY2l5ZWhvaHplMDB3MjJxbXA1MHF5czR0biJ9.rEHf8qpxUi9Uv0rjMO0fEg","GREATERAMBERJACK/ALMACOJACK","X:\Claire\EFH GIS files\SpeciesHabitatLayers\Greater Amberjack\earlyJuvenilesDis","#984EA3","rgb(152,78,163)"
"91","GREATERAMBERJACK","larvae","https://api.mapbox.com/styles/v1/auburngrad2015/ciyfzzbte000t2ro4lzee0ci0/tiles/256/{z}/{x}/{y}?access_token=pk.eyJ1IjoiYXVidXJuZ3JhZDIwMTUiLCJhIjoiY2l5ZWhvaHplMDB3MjJxbXA1MHF5czR0biJ9.rEHf8qpxUi9Uv0rjMO0fEg","KINGMACKEREL/REDSNAPPER/VERMILIONSNAPPER/YELLOWEDGEGROUPER/WARSAWGROUPER/TILEFISH/GREATERAMBERJACK/SPINYLOBSTER","X:\Claire\EFH GIS files\SpeciesHabitatLayers\Greater Amberjack\larvae","#E41A1C","rgb(228,26,28)"
"92","GREATERAMBERJACK","postLarvae","https://api.mapbox.com/styles/v1/auburngrad2015/ciyg3xs68000t2smyomz5n2xv/tiles/256/{z}/{x}/{y}?access_token=pk.eyJ1IjoiYXVidXJuZ3JhZDIwMTUiLCJhIjoiY2l5ZWhvaHplMDB3MjJxbXA1MHF5czR0biJ9.rEHf8qpxUi9Uv0rjMO0fEg","REDSNAPPER/VERMILIONSNAPPER/YELLOWEDGEGROUPER/WARSAWGROUPER/TILEFISH/GREATERAMBERJACK","X:\Claire\EFH GIS files\SpeciesHabitatLayers\Greater Amberjack\postLarvae","#4DAF4A","rgb(77,175,74)"
"93","HOGFISH","adult","https://api.mapbox.com/styles/v1/claireroberts/cixuhtoo1002t2rnrcn7gtc2t/tiles/256/{z}/{x}/{y}?access_token=pk.eyJ1IjoiY2xhaXJlcm9iZXJ0cyIsImEiOiJjaWtqdTFyZ3UwOGw2dnRrbTlibDd2OW9yIn0.ccw4vPRr3LiUpAcqyThNig","BLACKGROUPER/HOGFISH/REDGROUPER/SCAMP/YELLOWTAILSNAPPER","X:\Claire\EFH GIS files\SpeciesHabitatLayers\Hogfish\adultsDis","#ffff33","rgb(255,255,51)"
"94","HOGFISH","earlyJuvenile","https://api.mapbox.com/styles/v1/claireroberts/cixvtd3g400062rr05pz3dn9x/tiles/256/{z}/{x}/{y}?access_token=pk.eyJ1IjoiY2xhaXJlcm9iZXJ0cyIsImEiOiJjaWtqdTFyZ3UwOGw2dnRrbTlibDd2OW9yIn0.ccw4vPRr3LiUpAcqyThNig","HOGFISH/BLACKGROUPER","X:\Claire\EFH GIS files\SpeciesHabitatLayers\Hogfish\earlyJuvenilesDis","#984EA3","rgb(152,78,163)"
"95","HOGFISH","lateJuvenile","https://api.mapbox.com/styles/v1/ceroberts/ciya8w1ri002t2rp7yfo3e5d8/tiles/256/{z}/{x}/{y}?access_token=pk.eyJ1IjoiY2Vyb2JlcnRzIiwiYSI6ImNpeTM1Y2dsazAwM24ycXBneTN2YTAzN2gifQ.2M7HwRpElO_DHWaeqTXc8g","UNIQUE","X:\Claire\EFH GIS files\SpeciesHabitatLayers\Hogfish\lateJuvenilesDis","#FF7F00","rgb(255,127,0)"
"96","HOGFISH","spawningAdult","https://api.mapbox.com/styles/v1/ceroberts/ciya92wzk002i2sqj9zpm4dl5/tiles/256/{z}/{x}/{y}?access_token=pk.eyJ1IjoiY2Vyb2JlcnRzIiwiYSI6ImNpeTM1Y2dsazAwM24ycXBneTN2YTAzN2gifQ.2M7HwRpElO_DHWaeqTXc8g","UNIQUE","X:\Claire\EFH GIS files\SpeciesHabitatLayers\Hogfish\spawningAdultsD2","#a65628","rgb(166,86,40)"
"97","HOGFISH","eggs",".","UNMAPPABLE",".","#F781BF","rgb(247,129,191)"
"98","HOGFISH","larvae",".","UNMAPPABLE",".","#E41A1C","rgb(228,26,28)"
"99","HOGFISH","postLarvae",".","UNMAPPABLE",".","#4DAF4A","rgb(77,175,74)"
"100","KINGMACKEREL","postLarvae",".","UNMAPPABLE",".","#4DAF4A","rgb(77,175,74)"
"101","KINGMACKEREL","adult","https://api.mapbox.com/styles/v1/auburngrad2015/ciyeosl4j001t2smycwbss1mp/tiles/256/{z}/{x}/{y}?access_token=pk.eyJ1IjoiYXVidXJuZ3JhZDIwMTUiLCJhIjoiY2l5ZWhvaHplMDB3MjJxbXA1MHF5czR0biJ9.rEHf8qpxUi9Uv0rjMO0fEg","COBIA/GREATERAMBERJACK/KINGMACKEREL","X:\Claire\EFH GIS files\SpeciesHabitatLayers\King Mackerel\WCA_adult","#ffff33","rgb(255,255,51)"
"102","KINGMACKEREL","eggs","https://api.mapbox.com/styles/v1/auburngrad2015/ciyg20c4i001g2sl8pzrn88ci/tiles/256/{z}/{x}/{y}?access_token=pk.eyJ1IjoiYXVidXJuZ3JhZDIwMTUiLCJhIjoiY2l5ZWhvaHplMDB3MjJxbXA1MHF5czR0biJ9.rEHf8qpxUi9Uv0rjMO0fEg","KINGMACKEREL/WENCHMAN","X:\Claire\EFH GIS files\SpeciesHabitatLayers\King Mackerel\eggs","#F781BF","rgb(247,129,191)"
"103","KINGMACKEREL","larvae","https://api.mapbox.com/styles/v1/auburngrad2015/ciyfzzbte000t2ro4lzee0ci0/tiles/256/{z}/{x}/{y}?access_token=pk.eyJ1IjoiYXVidXJuZ3JhZDIwMTUiLCJhIjoiY2l5ZWhvaHplMDB3MjJxbXA1MHF5czR0biJ9.rEHf8qpxUi9Uv0rjMO0fEg","KINGMACKEREL/REDSNAPPER/VERMILIONSNAPPER/YELLOWEDGEGROUPER/WARSAWGROUPER/TILEFISH/GREATERAMBERJACK/SPINYLOBSTER","X:\Claire\EFH GIS files\SpeciesHabitatLayers\King Mackerel\larvae","#E41A1C","rgb(228,26,28)"
"104","KINGMACKEREL","earlyJuvenile",".","UNMAPPABLE",".","#984EA3","rgb(152,78,163)"
"105","KINGMACKEREL","lateJuvenile","https://api.mapbox.com/styles/v1/aquilonaris/ciyk7rc5h000l2rqqched7uiu/tiles/256/{z}/{x}/{y}?access_token=pk.eyJ1IjoiYXF1aWxvbmFyaXMiLCJhIjoiY2l5ZzcyMWQ4MDJsazMyb2UwejJueWM1NCJ9.3F8adUgHr-az14e3cqcENQ","UNIQUE","X:\Claire\EFH GIS files\SpeciesHabitatLayers\King Mackerel\lateJuveniles","#FF7F00","rgb(255,127,0)"
"106","KINGMACKEREL","spawningAdult","https://api.mapbox.com/styles/v1/aquilonaris/ciyk7vfsb000n2rqq7z99b7kz/tiles/256/{z}/{x}/{y}?access_token=pk.eyJ1IjoiYXF1aWxvbmFyaXMiLCJhIjoiY2l5ZzcyMWQ4MDJsazMyb2UwejJueWM1NCJ9.3F8adUgHr-az14e3cqcENQ","UNIQUE","X:\Claire\EFH GIS files\SpeciesHabitatLayers\King Mackerel\spawningAdults","#a65628","rgb(166,86,40)"
"107","LANESNAPPER","spawningAdult","https://api.mapbox.com/styles/v1/ceroberts/ciya95lfx002s2rqfttsupkjm/tiles/256/{z}/{x}/{y}?access_token=pk.eyJ1IjoiY2Vyb2JlcnRzIiwiYSI6ImNpeTM1Y2dsazAwM24ycXBneTN2YTAzN2gifQ.2M7HwRpElO_DHWaeqTXc8g","LANE SNAPPER/YELLOWEDGE GROUPER","X:\Claire\EFH GIS files\SpeciesHabitatLayers\Lane Snappper\spawningAdultsDis","#a65628","rgb(166,86,40)"
"108","LANESNAPPER","adult","https://api.mapbox.com/styles/v1/ceroberts/ciya99t4f002v2rp7o90xp5le/tiles/256/{z}/{x}/{y}?access_token=pk.eyJ1IjoiY2Vyb2JlcnRzIiwiYSI6ImNpeTM1Y2dsazAwM24ycXBneTN2YTAzN2gifQ.2M7HwRpElO_DHWaeqTXc8g","UNIQUE","X:\Claire\EFH GIS files\SpeciesHabitatLayers\Lane Snappper\adultsDis","#ffff33","rgb(255,255,51)"
"109","LANESNAPPER","eggs","https://api.mapbox.com/styles/v1/auburngrad2015/ciyg41scv001s2smfeycgjqvh/tiles/256/{z}/{x}/{y}?access_token=pk.eyJ1IjoiYXVidXJuZ3JhZDIwMTUiLCJhIjoiY2l5ZWhvaHplMDB3MjJxbXA1MHF5czR0biJ9.rEHf8qpxUi9Uv0rjMO0fEg","REDSNAPPER/LANESNAPPER/VERMILIONSNAPPER/YELLOWEDGEGROUPER/WARSAWGROUPER/TILEFISH","X:\Claire\EFH GIS files\SpeciesHabitatLayers\Lane Snappper\eggs","#F781BF","rgb(247,129,191)"
"110","LANESNAPPER","larvae","https://api.mapbox.com/styles/v1/aquilonaris/ciyk7zj5p000v2smgfkor6tyk/tiles/256/{z}/{x}/{y}?access_token=pk.eyJ1IjoiYXF1aWxvbmFyaXMiLCJhIjoiY2l5ZzcyMWQ4MDJsazMyb2UwejJueWM1NCJ9.3F8adUgHr-az14e3cqcENQ","UNIQUE","X:\Claire\EFH GIS files\SpeciesHabitatLayers\Lane Snappper\larvae","#E41A1C","rgb(228,26,28)"
"111","LANESNAPPER","postLarvae","https://api.mapbox.com/styles/v1/aquilonaris/ciyk82bvj000w2smgqi8xhxhp/tiles/256/{z}/{x}/{y}?access_token=pk.eyJ1IjoiYXF1aWxvbmFyaXMiLCJhIjoiY2l5ZzcyMWQ4MDJsazMyb2UwejJueWM1NCJ9.3F8adUgHr-az14e3cqcENQ","UNIQUE","X:\Claire\EFH GIS files\SpeciesHabitatLayers\Lane Snappper\WCA_postLarvae","#4DAF4A","rgb(77,175,74)"
"112","LANESNAPPER","earlyJuvenile","https://api.mapbox.com/styles/v1/ceroberts/ciyaafq4900332snpuwxlzlja/tiles/256/{z}/{x}/{y}?access_token=pk.eyJ1IjoiY2Vyb2JlcnRzIiwiYSI6ImNpeTM1Y2dsazAwM24ycXBneTN2YTAzN2gifQ.2M7HwRpElO_DHWaeqTXc8g","UNIQUE","X:\Claire\EFH GIS files\SpeciesHabitatLayers\Lane Snappper\earlyJuvenilesDis","#984EA3","rgb(152,78,163)"
"113","LANESNAPPER","lateJuvenile","https://api.mapbox.com/styles/v1/ceroberts/ciyabh4c200372snpbylxw3z8/tiles/256/{z}/{x}/{y}?access_token=pk.eyJ1IjoiY2Vyb2JlcnRzIiwiYSI6ImNpeTM1Y2dsazAwM24ycXBneTN2YTAzN2gifQ.2M7HwRpElO_DHWaeqTXc8g","UNIQUE","X:\Claire\EFH GIS files\SpeciesHabitatLayers\Lane Snappper\lateJuvenilesDis","#FF7F00","rgb(255,127,0)"
"114","LESSERAMBERJACK","adult","https://api.mapbox.com/styles/v1/ceroberts/ciyabkfoq00382snpztu8eqbu/tiles/256/{z}/{x}/{y}?access_token=pk.eyJ1IjoiY2Vyb2JlcnRzIiwiYSI6ImNpeTM1Y2dsazAwM24ycXBneTN2YTAzN2gifQ.2M7HwRpElO_DHWaeqTXc8g","UNIQUE","X:\Claire\EFH GIS files\SpeciesHabitatLayers\Lesser Amberjack\adultsDis","#ffff33","rgb(255,255,51)"
"115","LESSERAMBERJACK","lateJuvenile","https://api.mapbox.com/styles/v1/ceroberts/ciyabmyr000302rqf3oz5xpeq/tiles/256/{z}/{x}/{y}?access_token=pk.eyJ1IjoiY2Vyb2JlcnRzIiwiYSI6ImNpeTM1Y2dsazAwM24ycXBneTN2YTAzN2gifQ.2M7HwRpElO_DHWaeqTXc8g","UNIQUE","X:\Claire\EFH GIS files\SpeciesHabitatLayers\Lesser Amberjack\lateJuvenilesDis","#FF7F00","rgb(255,127,0)"
"116","LESSERAMBERJACK","spawningAdult","https://api.mapbox.com/styles/v1/ceroberts/ciyabquzn002q2sqjc5febh4q/tiles/256/{z}/{x}/{y}?access_token=pk.eyJ1IjoiY2Vyb2JlcnRzIiwiYSI6ImNpeTM1Y2dsazAwM24ycXBneTN2YTAzN2gifQ.2M7HwRpElO_DHWaeqTXc8g","UNIQUE","X:\Claire\EFH GIS files\SpeciesHabitatLayers\Lesser Amberjack\spawningAdultsDis","#a65628","rgb(166,86,40)"
"117","LESSERAMBERJACK","eggs",".","UNMAPPABLE",".","#F781BF","rgb(247,129,191)"
"118","LESSERAMBERJACK","larvae",".","UNMAPPABLE",".","#E41A1C","rgb(228,26,28)"
"119","LESSERAMBERJACK","postLarvae",".","UNMAPPABLE",".","#4DAF4A","rgb(77,175,74)"
"120","MUTTONSNAPPER","adult","https://api.mapbox.com/styles/v1/ceroberts/ciyaceve200322rqfvht9jgcx/tiles/256/{z}/{x}/{y}?access_token=pk.eyJ1IjoiY2Vyb2JlcnRzIiwiYSI6ImNpeTM1Y2dsazAwM24ycXBneTN2YTAzN2gifQ.2M7HwRpElO_DHWaeqTXc8g","UNIQUE","X:\Claire\EFH GIS files\SpeciesHabitatLayers\Mutton Snapper\adultsDis","#ffff33","rgb(255,255,51)"
"121","MUTTONSNAPPER","earlyJuvenile","https://api.mapbox.com/styles/v1/ceroberts/ciyad2m6j00362spgmstc5mq9/tiles/256/{z}/{x}/{y}?access_token=pk.eyJ1IjoiY2Vyb2JlcnRzIiwiYSI6ImNpeTM1Y2dsazAwM24ycXBneTN2YTAzN2gifQ.2M7HwRpElO_DHWaeqTXc8g","MUTTONSNAPPER/YELLOWFINGROUPER","X:\Claire\EFH GIS files\SpeciesHabitatLayers\Mutton Snapper\earlyJuvenilesDis","#984EA3","rgb(152,78,163)"
"122","MUTTONSNAPPER","lateJuvenile","https://api.mapbox.com/styles/v1/ceroberts/ciyad5bju00352rqf9bs67m1f/tiles/256/{z}/{x}/{y}?access_token=pk.eyJ1IjoiY2Vyb2JlcnRzIiwiYSI6ImNpeTM1Y2dsazAwM24ycXBneTN2YTAzN2gifQ.2M7HwRpElO_DHWaeqTXc8g","UNIQUE","X:\Claire\EFH GIS files\SpeciesHabitatLayers\Mutton Snapper\lateJuvenilesDis","#FF7F00","rgb(255,127,0)"
"123","MUTTONSNAPPER","spawningAdult","https://api.mapbox.com/styles/v1/ceroberts/ciyad9vwd00382spgcprufvhl/tiles/256/{z}/{x}/{y}?access_token=pk.eyJ1IjoiY2Vyb2JlcnRzIiwiYSI6ImNpeTM1Y2dsazAwM24ycXBneTN2YTAzN2gifQ.2M7HwRpElO_DHWaeqTXc8g","MUTTONSNAPPER/YELLOWFINGROUPER","X:\Claire\EFH GIS files\SpeciesHabitatLayers\Mutton Snapper\spawningAdultsDis","#a65628","rgb(166,86,40)"
"124","MUTTONSNAPPER","eggs",".","UNMAPPABLE",".","#F781BF","rgb(247,129,191)"
"125","MUTTONSNAPPER","larvae",".","UNMAPPABLE",".","#E41A1C","rgb(228,26,28)"
"126","MUTTONSNAPPER","postLarvae",".","UNMAPPABLE",".","#4DAF4A","rgb(77,175,74)"
"127","PINKSHRIMP","fertilizedEgg","https://api.mapbox.com/styles/v1/ceroberts/ciyaex0md003g2snpg0vmkuw3/tiles/256/{z}/{x}/{y}?access_token=pk.eyJ1IjoiY2Vyb2JlcnRzIiwiYSI6ImNpeTM1Y2dsazAwM24ycXBneTN2YTAzN2gifQ.2M7HwRpElO_DHWaeqTXc8g","UNIQUE","X:\Claire\EFH GIS files\SpeciesHabitatLayers\Pink Shrimp\fertilizedEggsDis","#F781BF","rgb(247,129,191)"
"128","PINKSHRIMP","latePostlarvaeJuvenile","https://api.mapbox.com/styles/v1/tazmichael/ciyag7mzb003i2rqff9fnq8bo/tiles/256/{z}/{x}/{y}?access_token=pk.eyJ1IjoidGF6bWljaGFlbCIsImEiOiJjaXlhZjdyMzYwMGJhMzJveGRzY3o2cjAwIn0.2D-NGFRuABTPLLcDy3Svow","UNIQUE","X:\Claire\EFH GIS files\SpeciesHabitatLayers\Pink Shrimp\latePostlarvaeJuvenilesDis","#984EA3","rgb(152,78,163)"
"129","PINKSHRIMP","nonSpawningAdult","https://api.mapbox.com/styles/v1/tazmichael/ciyagaxur003a2sqjsnd5aqah/tiles/256/{z}/{x}/{y}?access_token=pk.eyJ1IjoidGF6bWljaGFlbCIsImEiOiJjaXlhZjdyMzYwMGJhMzJveGRzY3o2cjAwIn0.2D-NGFRuABTPLLcDy3Svow","UNIQUE","X:\Claire\EFH GIS files\SpeciesHabitatLayers\Pink Shrimp\nonSpawningAdultsDis","#ffff33","rgb(255,255,51)"
"130","PINKSHRIMP","spawningAdult","https://api.mapbox.com/styles/v1/tazmichael/ciyagebam003b2sqjvq412aow/tiles/256/{z}/{x}/{y}?access_token=pk.eyJ1IjoidGF6bWljaGFlbCIsImEiOiJjaXlhZjdyMzYwMGJhMzJveGRzY3o2cjAwIn0.2D-NGFRuABTPLLcDy3Svow","UNIQUE","X:\Claire\EFH GIS files\SpeciesHabitatLayers\Pink Shrimp\spawningAdultsDis","#a65628","rgb(166,86,40)"
"131","PINKSHRIMP","subAdult","https://api.mapbox.com/styles/v1/tazmichael/ciyai68uf003p2snp2qt0jusl/tiles/256/{z}/{x}/{y}?access_token=pk.eyJ1IjoidGF6bWljaGFlbCIsImEiOiJjaXlhZjdyMzYwMGJhMzJveGRzY3o2cjAwIn0.2D-NGFRuABTPLLcDy3Svow","UNIQUE","X:\Claire\EFH GIS files\SpeciesHabitatLayers\Pink Shrimp\subAdultsDis","#FF7F00","rgb(255,127,0)"
"132","PINKSHRIMP","larvae","https://api.mapbox.com/styles/v1/aquilonaris/ciyk8l58s000l2rnoejcu5nuv/tiles/256/{z}/{x}/{y}?access_token=pk.eyJ1IjoiYXF1aWxvbmFyaXMiLCJhIjoiY2l5ZzcyMWQ4MDJsazMyb2UwejJueWM1NCJ9.3F8adUgHr-az14e3cqcENQ","UNIQUE","X:\Claire\EFH GIS files\SpeciesHabitatLayers\Pink Shrimp\larvae","#E41A1C","rgb(228,26,28)"
"133","QUEENSNAPPER","adult","https://api.mapbox.com/styles/v1/tazmichael/ciyak5ys1003v2rp7rwbb2ih4/tiles/256/{z}/{x}/{y}?access_token=pk.eyJ1IjoidGF6bWljaGFlbCIsImEiOiJjaXlhZjdyMzYwMGJhMzJveGRzY3o2cjAwIn0.2D-NGFRuABTPLLcDy3Svow","UNIQUE","X:\Claire\EFH GIS files\SpeciesHabitatLayers\Queen Snapper\adultsDis","#ffff33","rgb(255,255,51)"
"134","QUEENSNAPPER","lateJuvenile",".","UNMAPPABLE",".","#FF7F00","rgb(255,127,0)"
"135","QUEENSNAPPER","spawningAdult",".","UNMAPPABLE",".","#a65628","rgb(166,86,40)"
"136","QUEENSNAPPER","eggs","https://api.mapbox.com/styles/v1/auburngrad2015/ciyg2415c001h2slu8pzm7c7z/tiles/256/{z}/{x}/{y}?access_token=pk.eyJ1IjoiYXVidXJuZ3JhZDIwMTUiLCJhIjoiY2l5ZWhvaHplMDB3MjJxbXA1MHF5czR0biJ9.rEHf8qpxUi9Uv0rjMO0fEg","QUEENSNAPPER/SNOWYGROUPER","X:\Claire\EFH GIS files\SpeciesHabitatLayers\Queen Snapper\eggs","#F781BF","rgb(247,129,191)"
"137","QUEENSNAPPER","larvae","https://api.mapbox.com/styles/v1/auburngrad2015/ciyg2cf0v001i2sluw2usa0op/tiles/256/{z}/{x}/{y}?access_token=pk.eyJ1IjoiYXVidXJuZ3JhZDIwMTUiLCJhIjoiY2l5ZWhvaHplMDB3MjJxbXA1MHF5czR0biJ9.rEHf8qpxUi9Uv0rjMO0fEg","QUEENSNAPPER/SNOWYGROUPER","X:\Claire\EFH GIS files\SpeciesHabitatLayers\Queen Snapper\larvae","#E41A1C","rgb(228,26,28)"
"138","QUEENSNAPPER","postLarvae","https://api.mapbox.com/styles/v1/auburngrad2015/ciyg28vbz001i2sl8xdsklzwk/tiles/256/{z}/{x}/{y}?access_token=pk.eyJ1IjoiYXVidXJuZ3JhZDIwMTUiLCJhIjoiY2l5ZWhvaHplMDB3MjJxbXA1MHF5czR0biJ9.rEHf8qpxUi9Uv0rjMO0fEg","QUEENSNAPPER/SNOWYGROUPER","X:\Claire\EFH GIS files\SpeciesHabitatLayers\Queen Snapper\postLarvae","#4DAF4A","rgb(77,175,74)"
"139","QUEENSNAPPER","earlyJuvenile","https://api.mapbox.com/styles/v1/aquilonaris/ciyk8ofcy000m2rno08enytz5/tiles/256/{z}/{x}/{y}?access_token=pk.eyJ1IjoiYXF1aWxvbmFyaXMiLCJhIjoiY2l5ZzcyMWQ4MDJsazMyb2UwejJueWM1NCJ9.3F8adUgHr-az14e3cqcENQ","UNIQUE","X:\Claire\EFH GIS files\SpeciesHabitatLayers\Queen Snapper\earlyJuveniles","#984EA3","rgb(152,78,163)"
"140","REDDRUM","adult","https://api.mapbox.com/styles/v1/jfroeschke/ciy1k4hlv006a2sozkg3kj00m/tiles/256/{z}/{x}/{y}?access_token=pk.eyJ1IjoiamZyb2VzY2hrZSIsImEiOiI5SHgwTWk4In0.J6IfXVALdDraXPBfPcyITg","UNIQUE","X:\Claire\EFH GIS files\SpeciesHabitatLayers\Red Drum\adults","#ffff33","rgb(255,255,51)"
"141","REDDRUM","earlyJuvenile","https://api.mapbox.com/styles/v1/tazmichael/ciyak93pf003t2sqjqk1pm0u3/tiles/256/{z}/{x}/{y}?access_token=pk.eyJ1IjoidGF6bWljaGFlbCIsImEiOiJjaXlhZjdyMzYwMGJhMzJveGRzY3o2cjAwIn0.2D-NGFRuABTPLLcDy3Svow","UNIQUE","X:\Claire\EFH GIS files\SpeciesHabitatLayers\Red Drum\earlyJuvenilesDis","#984EA3","rgb(152,78,163)"
"142","REDDRUM","larvae","https://api.mapbox.com/styles/v1/aquilonaris/ciyk8rwde000o2rqqsaikmd3v/tiles/256/{z}/{x}/{y}?access_token=pk.eyJ1IjoiYXF1aWxvbmFyaXMiLCJhIjoiY2l5ZzcyMWQ4MDJsazMyb2UwejJueWM1NCJ9.3F8adUgHr-az14e3cqcENQ","UNIQUE","X:\Claire\EFH GIS files\SpeciesHabitatLayers\Red Drum\WCA_larvae","#E41A1C","rgb(228,26,28)"
"143","REDDRUM","lateJuvenile","https://api.mapbox.com/styles/v1/jfroeschke/ciy1kda5h004n2sp6be1um81h/tiles/256/{z}/{x}/{y}?access_token=pk.eyJ1IjoiamZyb2VzY2hrZSIsImEiOiI5SHgwTWk4In0.J6IfXVALdDraXPBfPcyITg","UNIQUE","X:\Claire\EFH GIS files\SpeciesHabitatLayers\Red Drum\lateJuvenilesDis","#FF7F00","rgb(255,127,0)"
"144","REDDRUM","postLarvae","https://api.mapbox.com/styles/v1/tazmichael/ciybhtewh005c2snpfwu8des5/tiles/256/{z}/{x}/{y}?access_token=pk.eyJ1IjoidGF6bWljaGFlbCIsImEiOiJjaXlhZjdyMzYwMGJhMzJveGRzY3o2cjAwIn0.2D-NGFRuABTPLLcDy3Svow","UNIQUE","X:\Claire\EFH GIS files\SpeciesHabitatLayers\Red Drum\postLarvaeDis","#4DAF4A","rgb(77,175,74)"
"145","REDDRUM","spawningAdult","https://api.mapbox.com/styles/v1/jfroeschke/ciy1jvsrq004m2sp6gg5iy3ca/tiles/256/{z}/{x}/{y}?access_token=pk.eyJ1IjoiamZyb2VzY2hrZSIsImEiOiI5SHgwTWk4In0.J6IfXVALdDraXPBfPcyITg","UNIQUE","X:\Claire\EFH GIS files\SpeciesHabitatLayers\Red Drum\spawningAdultsDis","#a65628","rgb(166,86,40)"
"146","REDDRUM","eggs",".","UNMAPPABLE",".","#F781BF","rgb(247,129,191)"
"147","REDGROUPER","adult","https://api.mapbox.com/styles/v1/claireroberts/cixuhtoo1002t2rnrcn7gtc2t/tiles/256/{z}/{x}/{y}?access_token=pk.eyJ1IjoiY2xhaXJlcm9iZXJ0cyIsImEiOiJjaWtqdTFyZ3UwOGw2dnRrbTlibDd2OW9yIn0.ccw4vPRr3LiUpAcqyThNig","BLACKGROUPER/HOGFISH/REDGROUPER/SCAMP/YELLOWTAILSNAPPER","X:\Claire\EFH GIS files\SpeciesHabitatLayers\Red Grouper\adultsDis","#ffff33","rgb(255,255,51)"
"148","REDGROUPER","earlyJuvenile","https://api.mapbox.com/styles/v1/tazmichael/ciybih9r600522rqfe2v4my7k/tiles/256/{z}/{x}/{y}?access_token=pk.eyJ1IjoidGF6bWljaGFlbCIsImEiOiJjaXlhZjdyMzYwMGJhMzJveGRzY3o2cjAwIn0.2D-NGFRuABTPLLcDy3Svow","UNIQUE","X:\Claire\EFH GIS files\SpeciesHabitatLayers\Red Grouper\earlyJuvenilesDis","#984EA3","rgb(152,78,163)"
"149","REDGROUPER","lateJuvenile","https://api.mapbox.com/styles/v1/tazmichael/ciybiof8r000t2sqlx5yykdvm/tiles/256/{z}/{x}/{y}?access_token=pk.eyJ1IjoidGF6bWljaGFlbCIsImEiOiJjaXlhZjdyMzYwMGJhMzJveGRzY3o2cjAwIn0.2D-NGFRuABTPLLcDy3Svow","UNIQUE","X:\Claire\EFH GIS files\SpeciesHabitatLayers\Red Grouper\lateJuvenilesDis","#FF7F00","rgb(255,127,0)"
"150","REDGROUPER","spawningAdult","https://api.mapbox.com/styles/v1/claireroberts/cixvv25ld00052sp6zmwzzije/tiles/256/{z}/{x}/{y}?access_token=pk.eyJ1IjoiY2xhaXJlcm9iZXJ0cyIsImEiOiJjaWtqdTFyZ3UwOGw2dnRrbTlibDd2OW9yIn0.ccw4vPRr3LiUpAcqyThNig","BLACKFINSNAPPER/REDGROUPER","X:\Claire\EFH GIS files\SpeciesHabitatLayers\Red Grouper\spawningAdultsDis","#a65628","rgb(166,86,40)"
"151","REDGROUPER","postLarvae",".","UNMAPPABLE",".","#4DAF4A","rgb(77,175,74)"
"152","REDGROUPER","eggs","https://api.mapbox.com/styles/v1/auburngrad2015/ciyek5tfq00172so4fjucp7e8/tiles/256/{z}/{x}/{y}?access_token=pk.eyJ1IjoiYXVidXJuZ3JhZDIwMTUiLCJhIjoiY2l5ZWhvaHplMDB3MjJxbXA1MHF5czR0biJ9.rEHf8qpxUi9Uv0rjMO0fEg","BLACKFINSNAPPER/GRAYSNAPPER/SPECKLEDHIND/REDGROUPER/GAG/SCAMP/BLUELINETILEFISH/BLACKGROUPER","X:\Claire\EFH GIS files\SpeciesHabitatLayers\Red Grouper\eggs","#F781BF","rgb(247,129,191)"
"153","REDGROUPER","larvae","https://api.mapbox.com/styles/v1/auburngrad2015/ciyfysi9m000p2ro4ny4r8avp/tiles/256/{z}/{x}/{y}?access_token=pk.eyJ1IjoiYXVidXJuZ3JhZDIwMTUiLCJhIjoiY2l5ZWhvaHplMDB3MjJxbXA1MHF5czR0biJ9.rEHf8qpxUi9Uv0rjMO0fEg","GRAYSNAPPER/SPECKLEDHIND/REDGROUPER/GAG/SCAMP/BLUELINETILEFISH/BLACKGROUPER","X:\Claire\EFH GIS files\SpeciesHabitatLayers\Red Grouper\larvae","#E41A1C","rgb(228,26,28)"
"154","REDSNAPPER","adult","https://api.mapbox.com/styles/v1/jfroeschke/ciy1o4dqo006h2rqjqip4yh2o/tiles/256/{z}/{x}/{y}?access_token=pk.eyJ1IjoiamZyb2VzY2hrZSIsImEiOiI5SHgwTWk4In0.J6IfXVALdDraXPBfPcyITg","REDSNAPPER/VERMILIONSNAPPER/GAG/GRAYTRIGGERFISH","X:\Claire\EFH GIS files\SpeciesHabitatLayers\Red Snapper\adultsDis","#ffff33","rgb(255,255,51)"
"155","REDSNAPPER","earlyJuvenile","https://api.mapbox.com/styles/v1/tazmichael/ciybiwhcd005e2snpjt48tqa0/tiles/256/{z}/{x}/{y}?access_token=pk.eyJ1IjoidGF6bWljaGFlbCIsImEiOiJjaXlhZjdyMzYwMGJhMzJveGRzY3o2cjAwIn0.2D-NGFRuABTPLLcDy3Svow","UNIQUE","X:\Claire\EFH GIS files\SpeciesHabitatLayers\Red Snapper\earlyJuvenilesDis","#984EA3","rgb(152,78,163)"
"156","REDSNAPPER","lateJuvenile","https://api.mapbox.com/styles/v1/tazmichael/ciybjkn86000d2sqsha528jxn/tiles/256/{z}/{x}/{y}?access_token=pk.eyJ1IjoidGF6bWljaGFlbCIsImEiOiJjaXlhZjdyMzYwMGJhMzJveGRzY3o2cjAwIn0.2D-NGFRuABTPLLcDy3Svow","UNIQUE","X:\Claire\EFH GIS files\SpeciesHabitatLayers\Red Snapper\lateJuvenilesDis","#FF7F00","rgb(255,127,0)"
"157","REDSNAPPER","spawningAdult","https://api.mapbox.com/styles/v1/tazmichael/ciybjlq1r005a2sqjrrokfpxw/tiles/256/{z}/{x}/{y}?access_token=pk.eyJ1IjoidGF6bWljaGFlbCIsImEiOiJjaXlhZjdyMzYwMGJhMzJveGRzY3o2cjAwIn0.2D-NGFRuABTPLLcDy3Svow","UNIQUE","X:\Claire\EFH GIS files\SpeciesHabitatLayers\Red Snapper\spawningAdultsDis","#a65628","rgb(166,86,40)"
"158","REDSNAPPER","eggs","https://api.mapbox.com/styles/v1/auburngrad2015/ciyg41scv001s2smfeycgjqvh/tiles/256/{z}/{x}/{y}?access_token=pk.eyJ1IjoiYXVidXJuZ3JhZDIwMTUiLCJhIjoiY2l5ZWhvaHplMDB3MjJxbXA1MHF5czR0biJ9.rEHf8qpxUi9Uv0rjMO0fEg","REDSNAPPER/LANESNAPPER/VERMILIONSNAPPER/YELLOWEDGEGROUPER/WARSAWGROUPER/TILEFISH","X:\Claire\EFH GIS files\SpeciesHabitatLayers\Red Snapper\eggs","#F781BF","rgb(247,129,191)"
"159","REDSNAPPER","larvae","https://api.mapbox.com/styles/v1/auburngrad2015/ciyfzzbte000t2ro4lzee0ci0/tiles/256/{z}/{x}/{y}?access_token=pk.eyJ1IjoiYXVidXJuZ3JhZDIwMTUiLCJhIjoiY2l5ZWhvaHplMDB3MjJxbXA1MHF5czR0biJ9.rEHf8qpxUi9Uv0rjMO0fEg","KINGMACKEREL/REDSNAPPER/VERMILIONSNAPPER/YELLOWEDGEGROUPER/WARSAWGROUPER/TILEFISH/GREATERAMBERJACK/SPINYLOBSTER","X:\Claire\EFH GIS files\SpeciesHabitatLayers\Red Snapper\larvae","#E41A1C","rgb(228,26,28)"
"160","REDSNAPPER","postLarvae","https://api.mapbox.com/styles/v1/auburngrad2015/ciyg3xs68000t2smyomz5n2xv/tiles/256/{z}/{x}/{y}?access_token=pk.eyJ1IjoiYXVidXJuZ3JhZDIwMTUiLCJhIjoiY2l5ZWhvaHplMDB3MjJxbXA1MHF5czR0biJ9.rEHf8qpxUi9Uv0rjMO0fEg","REDSNAPPER/VERMILIONSNAPPER/YELLOWEDGEGROUPER/WARSAWGROUPER/TILEFISH/GREATERAMBERJACK","X:\Claire\EFH GIS files\SpeciesHabitatLayers\Red Snapper\postLarvae","#4DAF4A","rgb(77,175,74)"
"161","ROYALREDSHRIMP","adult","https://api.mapbox.com/styles/v1/tazmichael/ciybk4b8i005b2sqj57u15ev9/tiles/256/{z}/{x}/{y}?access_token=pk.eyJ1IjoidGF6bWljaGFlbCIsImEiOiJjaXlhZjdyMzYwMGJhMzJveGRzY3o2cjAwIn0.2D-NGFRuABTPLLcDy3Svow","UNIQUE","X:\Claire\EFH GIS files\SpeciesHabitatLayers\Royal Red Shrimp\adultsDis","#ffff33","rgb(255,255,51)"
"162","ROYALREDSHRIMP","spawningAdult","https://api.mapbox.com/styles/v1/tazmichael/ciybk56ms000w2sqlimcy314w/tiles/256/{z}/{x}/{y}?access_token=pk.eyJ1IjoidGF6bWljaGFlbCIsImEiOiJjaXlhZjdyMzYwMGJhMzJveGRzY3o2cjAwIn0.2D-NGFRuABTPLLcDy3Svow","UNIQUE","X:\Claire\EFH GIS files\SpeciesHabitatLayers\Royal Red Shrimp\spawningAdultsDis","#a65628","rgb(166,86,40)"
"163","ROYALREDSHRIMP","eggs",".","UNMAPPABLE",".","#F781BF","rgb(247,129,191)"
"164","ROYALREDSHRIMP","larvae",".","UNMAPPABLE",".","#E41A1C","rgb(228,26,28)"
"165","ROYALREDSHRIMP","postLarvae",".","UNMAPPABLE",".","#4DAF4A","rgb(77,175,74)"
"166","ROYALREDSHRIMP","earlyJuvenile",".","UNMAPPABLE",".","#984EA3","rgb(152,78,163)"
"167","ROYALREDSHRIMP","lateJuvenile",".","UNMAPPABLE",".","#FF7F00","rgb(255,127,0)"
"168","SCAMP","adult","https://api.mapbox.com/styles/v1/claireroberts/cixuhtoo1002t2rnrcn7gtc2t/tiles/256/{z}/{x}/{y}?access_token=pk.eyJ1IjoiY2xhaXJlcm9iZXJ0cyIsImEiOiJjaWtqdTFyZ3UwOGw2dnRrbTlibDd2OW9yIn0.ccw4vPRr3LiUpAcqyThNig","BLACKGROUPER/HOGFISH/REDGROUPER/SCAMP/YELLOWTAILSNAPPER","X:\Claire\EFH GIS files\SpeciesHabitatLayers\Scamp\adultsDis","#ffff33","rgb(255,255,51)"
"169","SCAMP","earlyJuvenile","https://api.mapbox.com/styles/v1/tazmichael/ciybk5zue005c2sqj169lypla/tiles/256/{z}/{x}/{y}?access_token=pk.eyJ1IjoidGF6bWljaGFlbCIsImEiOiJjaXlhZjdyMzYwMGJhMzJveGRzY3o2cjAwIn0.2D-NGFRuABTPLLcDy3Svow","UNIQUE","X:\Claire\EFH GIS files\SpeciesHabitatLayers\Scamp\earlyJuvenilesDis","#984EA3","rgb(152,78,163)"
"170","SCAMP","lateJuvenile","https://api.mapbox.com/styles/v1/tazmichael/ciybk7ln4000x2sql8028jioy/tiles/256/{z}/{x}/{y}?access_token=pk.eyJ1IjoidGF6bWljaGFlbCIsImEiOiJjaXlhZjdyMzYwMGJhMzJveGRzY3o2cjAwIn0.2D-NGFRuABTPLLcDy3Svow","UNIQUE","X:\Claire\EFH GIS files\SpeciesHabitatLayers\Scamp\lateJuvenilesDis","#FF7F00","rgb(255,127,0)"
"171","SCAMP","spawningAdult","https://api.mapbox.com/styles/v1/claireroberts/cixvtl4lu00062rmh4zwjqoe6/tiles/256/{z}/{x}/{y}?access_token=pk.eyJ1IjoiY2xhaXJlcm9iZXJ0cyIsImEiOiJjaWtqdTFyZ3UwOGw2dnRrbTlibDd2OW9yIn0.ccw4vPRr3LiUpAcqyThNig","BLACKGROUPER/SCAMP","X:\Claire\EFH GIS files\SpeciesHabitatLayers\Scamp\spawningAdultsDis","#a65628","rgb(166,86,40)"
"172","SCAMP","eggs","https://api.mapbox.com/styles/v1/auburngrad2015/ciyek5tfq00172so4fjucp7e8/tiles/256/{z}/{x}/{y}?access_token=pk.eyJ1IjoiYXVidXJuZ3JhZDIwMTUiLCJhIjoiY2l5ZWhvaHplMDB3MjJxbXA1MHF5czR0biJ9.rEHf8qpxUi9Uv0rjMO0fEg","BLACKFINSNAPPER/GRAYSNAPPER/SPECKLEDHIND/REDGROUPER/GAG/SCAMP/BLUELINETILEFISH/BLACKGROUPER","X:\Claire\EFH GIS files\SpeciesHabitatLayers\Scamp\eggs","#F781BF","rgb(247,129,191)"
"173","SCAMP","larvae","https://api.mapbox.com/styles/v1/auburngrad2015/ciyfysi9m000p2ro4ny4r8avp/tiles/256/{z}/{x}/{y}?access_token=pk.eyJ1IjoiYXVidXJuZ3JhZDIwMTUiLCJhIjoiY2l5ZWhvaHplMDB3MjJxbXA1MHF5czR0biJ9.rEHf8qpxUi9Uv0rjMO0fEg","GRAYSNAPPER/SPECKLEDHIND/REDGROUPER/GAG/SCAMP/BLUELINETILEFISH/BLACKGROUPER","X:\Claire\EFH GIS files\SpeciesHabitatLayers\Scamp\larvae","#E41A1C","rgb(228,26,28)"
"174","SCAMP","postLarvae","https://api.mapbox.com/styles/v1/auburngrad2015/ciyg4rco3001t2smf18mbt7cb/tiles/256/{z}/{x}/{y}?access_token=pk.eyJ1IjoiYXVidXJuZ3JhZDIwMTUiLCJhIjoiY2l5ZWhvaHplMDB3MjJxbXA1MHF5czR0biJ9.rEHf8qpxUi9Uv0rjMO0fEg","SPECKLEDHIND/GAG/SCAMP/BLUELINETILEFISH/BLACKGROUPER","X:\Claire\EFH GIS files\SpeciesHabitatLayers\Scamp\postLarvae","#4DAF4A","rgb(77,175,74)"
"175","SILKSNAPPER","adult","https://api.mapbox.com/styles/v1/tazmichael/ciybovy0c000i2sqsoyjyupe7/tiles/256/{z}/{x}/{y}?access_token=pk.eyJ1IjoidGF6bWljaGFlbCIsImEiOiJjaXlhZjdyMzYwMGJhMzJveGRzY3o2cjAwIn0.2D-NGFRuABTPLLcDy3Svow","UNIQUE","X:\Claire\EFH GIS files\SpeciesHabitatLayers\Silk Snapper\adultsDis","#ffff33","rgb(255,255,51)"
"176","SILKSNAPPER","eggs",".","UNMAPPABLE",".","#F781BF","rgb(247,129,191)"
"177","SILKSNAPPER","larvae",".","UNMAPPABLE",".","#E41A1C","rgb(228,26,28)"
"178","SILKSNAPPER","postLarvae",".","UNMAPPABLE",".","#4DAF4A","rgb(77,175,74)"
"179","SILKSNAPPER","earlyJuvenile",".","UNMAPPABLE",".","#984EA3","rgb(152,78,163)"
"180","SILKSNAPPER","lateJuvenile",".","UNMAPPABLE",".","#FF7F00","rgb(255,127,0)"
"181","SILKSNAPPER","spawningAdult",".","UNMAPPABLE",".","#a65628","rgb(166,86,40)"
"182","SNOWYGROUPER","adult","https://api.mapbox.com/styles/v1/tazmichael/ciybowszv005n2sqjt08gdb0c/tiles/256/{z}/{x}/{y}?access_token=pk.eyJ1IjoidGF6bWljaGFlbCIsImEiOiJjaXlhZjdyMzYwMGJhMzJveGRzY3o2cjAwIn0.2D-NGFRuABTPLLcDy3Svow","UNIQUE","X:\Claire\EFH GIS files\SpeciesHabitatLayers\Snowy Grouper\adultsDis","#ffff33","rgb(255,255,51)"
"183","SNOWYGROUPER","earlyJuvenile","https://api.mapbox.com/styles/v1/tazmichael/ciyboxudo005p2snpm6xevibl/tiles/256/{z}/{x}/{y}?access_token=pk.eyJ1IjoidGF6bWljaGFlbCIsImEiOiJjaXlhZjdyMzYwMGJhMzJveGRzY3o2cjAwIn0.2D-NGFRuABTPLLcDy3Svow","UNIQUE","X:\Claire\EFH GIS files\SpeciesHabitatLayers\Snowy Grouper\earlyJuveniles","#984EA3","rgb(152,78,163)"
"184","SNOWYGROUPER","lateJuvenile","https://api.mapbox.com/styles/v1/tazmichael/ciyboyp9l005o2sqjf83havsy/tiles/256/{z}/{x}/{y}?access_token=pk.eyJ1IjoidGF6bWljaGFlbCIsImEiOiJjaXlhZjdyMzYwMGJhMzJveGRzY3o2cjAwIn0.2D-NGFRuABTPLLcDy3Svow","UNIQUE","X:\Claire\EFH GIS files\SpeciesHabitatLayers\Snowy Grouper\lateJuveniles","#FF7F00","rgb(255,127,0)"
"185","SNOWYGROUPER","spawningAdult","https://api.mapbox.com/styles/v1/kmjensen/ciybrg1fn000n2sqsyleu5ff3/tiles/256/{z}/{x}/{y}?access_token=pk.eyJ1Ijoia21qZW5zZW4iLCJhIjoiY2l5YnI0YXliMDAxYjJ3c2MyaGpqbHZlbyJ9.OCkMTv7bbTzRn80RR7r4Hw","UNIQUE","X:\Claire\EFH GIS files\SpeciesHabitatLayers\Snowy Grouper\spawningAdultsDis","#a65628","rgb(166,86,40)"
"186","SNOWYGROUPER","eggs","https://api.mapbox.com/styles/v1/auburngrad2015/ciyg2415c001h2slu8pzm7c7z/tiles/256/{z}/{x}/{y}?access_token=pk.eyJ1IjoiYXVidXJuZ3JhZDIwMTUiLCJhIjoiY2l5ZWhvaHplMDB3MjJxbXA1MHF5czR0biJ9.rEHf8qpxUi9Uv0rjMO0fEg","QUEENSNAPPER/SNOWYGROUPER","X:\Claire\EFH GIS files\SpeciesHabitatLayers\Snowy Grouper\eggs","#F781BF","rgb(247,129,191)"
"187","SNOWYGROUPER","larvae","https://api.mapbox.com/styles/v1/auburngrad2015/ciyg2cf0v001i2sluw2usa0op/tiles/256/{z}/{x}/{y}?access_token=pk.eyJ1IjoiYXVidXJuZ3JhZDIwMTUiLCJhIjoiY2l5ZWhvaHplMDB3MjJxbXA1MHF5czR0biJ9.rEHf8qpxUi9Uv0rjMO0fEg","QUEENSNAPPER/SNOWYGROUPER","X:\Claire\EFH GIS files\SpeciesHabitatLayers\Snowy Grouper\larvae","#E41A1C","rgb(228,26,28)"
"188","SNOWYGROUPER","postLarvae","https://api.mapbox.com/styles/v1/auburngrad2015/ciyg28vbz001i2sl8xdsklzwk/tiles/256/{z}/{x}/{y}?access_token=pk.eyJ1IjoiYXVidXJuZ3JhZDIwMTUiLCJhIjoiY2l5ZWhvaHplMDB3MjJxbXA1MHF5czR0biJ9.rEHf8qpxUi9Uv0rjMO0fEg","QUEENSNAPPER/SNOWYGROUPER","X:\Claire\EFH GIS files\SpeciesHabitatLayers\Snowy Grouper\postLarvae","#4DAF4A","rgb(77,175,74)"
"189","SPANISHMACKEREL","eggs","https://api.mapbox.com/styles/v1/aquilonaris/ciyk9p1ae00142smg8ey6r45s/tiles/256/{z}/{x}/{y}?access_token=pk.eyJ1IjoiYXF1aWxvbmFyaXMiLCJhIjoiY2l5ZzcyMWQ4MDJsazMyb2UwejJueWM1NCJ9.3F8adUgHr-az14e3cqcENQ","UNIQUE","X:\Claire\EFH GIS files\SpeciesHabitatLayers\Spanish Mackerel\eggs","#F781BF","rgb(247,129,191)"
"190","SPANISHMACKEREL","larvae","https://api.mapbox.com/styles/v1/aquilonaris/ciyka5i2600102sp9ujpleuvq/tiles/256/{z}/{x}/{y}?access_token=pk.eyJ1IjoiYXF1aWxvbmFyaXMiLCJhIjoiY2l5ZzcyMWQ4MDJsazMyb2UwejJueWM1NCJ9.3F8adUgHr-az14e3cqcENQ","UNIQUE","X:\Claire\EFH GIS files\SpeciesHabitatLayers\Spanish Mackerel\larvae","#E41A1C","rgb(228,26,28)"
"191","SPANISHMACKEREL","postLarvae","https://api.mapbox.com/styles/v1/aquilonaris/ciykaa8z100112sp95nbokt83/tiles/256/{z}/{x}/{y}?access_token=pk.eyJ1IjoiYXF1aWxvbmFyaXMiLCJhIjoiY2l5ZzcyMWQ4MDJsazMyb2UwejJueWM1NCJ9.3F8adUgHr-az14e3cqcENQ","UNIQUE","X:\Claire\EFH GIS files\SpeciesHabitatLayers\Spanish Mackerel\postLarvae","#4DAF4A","rgb(77,175,74)"
"192","SPANISHMACKEREL","earlyJuvenile","https://api.mapbox.com/styles/v1/aquilonaris/ciykadpj100182smg1w4r049i/tiles/256/{z}/{x}/{y}?access_token=pk.eyJ1IjoiYXF1aWxvbmFyaXMiLCJhIjoiY2l5ZzcyMWQ4MDJsazMyb2UwejJueWM1NCJ9.3F8adUgHr-az14e3cqcENQ","UNIQUE","X:\Claire\EFH GIS files\SpeciesHabitatLayers\Spanish Mackerel\earlyJuveniles","#984EA3","rgb(152,78,163)"
"193","SPANISHMACKEREL","adult","https://api.mapbox.com/styles/v1/aquilonaris/ciykagfd700142sp9b6zwcjnt/tiles/256/{z}/{x}/{y}?access_token=pk.eyJ1IjoiYXF1aWxvbmFyaXMiLCJhIjoiY2l5ZzcyMWQ4MDJsazMyb2UwejJueWM1NCJ9.3F8adUgHr-az14e3cqcENQ","UNIQUE","X:\Claire\EFH GIS files\SpeciesHabitatLayers\Spanish Mackerel\adults","#ffff33","rgb(255,255,51)"
"194","SPECKLEDHIND","adult","https://api.mapbox.com/styles/v1/kmjensen/ciybrwrfy00602sqjlha1va4n/tiles/256/{z}/{x}/{y}?access_token=pk.eyJ1Ijoia21qZW5zZW4iLCJhIjoiY2l5YnI0YXliMDAxYjJ3c2MyaGpqbHZlbyJ9.OCkMTv7bbTzRn80RR7r4Hw","UNIQUE","X:\Claire\EFH GIS files\SpeciesHabitatLayers\Speckled Hind\adultsDis","#ffff33","rgb(255,255,51)"
"195","SPECKLEDHIND","earlyJuvenile","https://api.mapbox.com/styles/v1/kmjensen/ciybrxm61005l2rqf6a4cr7qp/tiles/256/{z}/{x}/{y}?access_token=pk.eyJ1Ijoia21qZW5zZW4iLCJhIjoiY2l5YnI0YXliMDAxYjJ3c2MyaGpqbHZlbyJ9.OCkMTv7bbTzRn80RR7r4Hw","UNIQUE","X:\Claire\EFH GIS files\SpeciesHabitatLayers\Speckled Hind\earlyJuvenilesDis","#984EA3","rgb(152,78,163)"
"196","SPECKLEDHIND","lateJuvenile","https://api.mapbox.com/styles/v1/kmjensen/ciybrzt7f000q2sqsa4eeh3ed/tiles/256/{z}/{x}/{y}?access_token=pk.eyJ1Ijoia21qZW5zZW4iLCJhIjoiY2l5YnI0YXliMDAxYjJ3c2MyaGpqbHZlbyJ9.OCkMTv7bbTzRn80RR7r4Hw","UNIQUE","X:\Claire\EFH GIS files\SpeciesHabitatLayers\Speckled Hind\lateJuvenilesDis","#FF7F00","rgb(255,127,0)"
"197","SPECKLEDHIND","spawningAdult","https://api.mapbox.com/styles/v1/claireroberts/cixvyr7th000d2sp60l24qwse/tiles/256/{z}/{x}/{y}?access_token=pk.eyJ1IjoiY2xhaXJlcm9iZXJ0cyIsImEiOiJjaWtqdTFyZ3UwOGw2dnRrbTlibDd2OW9yIn0.ccw4vPRr3LiUpAcqyThNig","SPECKLEDHIND/BLUELINETILEFISH","X:\Claire\EFH GIS files\SpeciesHabitatLayers\Speckled Hind\spawningAdultsDis","#a65628","rgb(166,86,40)"
"198","SPECKLEDHIND","eggs","https://api.mapbox.com/styles/v1/auburngrad2015/ciyek5tfq00172so4fjucp7e8/tiles/256/{z}/{x}/{y}?access_token=pk.eyJ1IjoiYXVidXJuZ3JhZDIwMTUiLCJhIjoiY2l5ZWhvaHplMDB3MjJxbXA1MHF5czR0biJ9.rEHf8qpxUi9Uv0rjMO0fEg","BLACKFINSNAPPER/GRAYSNAPPER/SPECKLEDHIND/REDGROUPER/GAG/SCAMP/BLUELINETILEFISH/BLACKGROUPER","X:\Claire\EFH GIS files\SpeciesHabitatLayers\Speckled Hind\eggs","#F781BF","rgb(247,129,191)"
"199","SPECKLEDHIND","larvae","https://api.mapbox.com/styles/v1/auburngrad2015/ciyfysi9m000p2ro4ny4r8avp/tiles/256/{z}/{x}/{y}?access_token=pk.eyJ1IjoiYXVidXJuZ3JhZDIwMTUiLCJhIjoiY2l5ZWhvaHplMDB3MjJxbXA1MHF5czR0biJ9.rEHf8qpxUi9Uv0rjMO0fEg","GRAYSNAPPER/SPECKLEDHIND/REDGROUPER/GAG/SCAMP/BLUELINETILEFISH/BLACKGROUPER","X:\Claire\EFH GIS files\SpeciesHabitatLayers\Speckled Hind\larvae","#E41A1C","rgb(228,26,28)"
"200","SPECKLEDHIND","postLarvae","https://api.mapbox.com/styles/v1/auburngrad2015/ciyg4rco3001t2smf18mbt7cb/tiles/256/{z}/{x}/{y}?access_token=pk.eyJ1IjoiYXVidXJuZ3JhZDIwMTUiLCJhIjoiY2l5ZWhvaHplMDB3MjJxbXA1MHF5czR0biJ9.rEHf8qpxUi9Uv0rjMO0fEg","SPECKLEDHIND/GAG/SCAMP/BLUELINETILEFISH/BLACKGROUPER","X:\Claire\EFH GIS files\SpeciesHabitatLayers\Speckled Hind\postLarvae","#4DAF4A","rgb(77,175,74)"
"201","SPINYLOBSTER","adult","https://api.mapbox.com/styles/v1/kmjensen/ciyd01evo008c2snp8uz1ejxy/tiles/256/{z}/{x}/{y}?access_token=pk.eyJ1Ijoia21qZW5zZW4iLCJhIjoiY2l5YnI0YXliMDAxYjJ3c2MyaGpqbHZlbyJ9.OCkMTv7bbTzRn80RR7r4Hw","UNIQUE","X:\Claire\EFH GIS files\SpeciesHabitatLayers\Spiny Lobster\adultsDis","#ffff33","rgb(255,255,51)"
"202","SPINYLOBSTER","juvenile","https://api.mapbox.com/styles/v1/kmjensen/ciyd04a5n007p2rqfydzbzwdf/tiles/256/{z}/{x}/{y}?access_token=pk.eyJ1Ijoia21qZW5zZW4iLCJhIjoiY2l5YnI0YXliMDAxYjJ3c2MyaGpqbHZlbyJ9.OCkMTv7bbTzRn80RR7r4Hw","UNIQUE","X:\Claire\EFH GIS files\SpeciesHabitatLayers\Spiny Lobster\juvenilesDis","#FF7F00","rgb(255,127,0)"
"203","SPINYLOBSTER","puerulusPostlarvae","https://api.mapbox.com/styles/v1/kmjensen/ciyd08ic6007q2rqfn3bslkrt/tiles/256/{z}/{x}/{y}?access_token=pk.eyJ1Ijoia21qZW5zZW4iLCJhIjoiY2l5YnI0YXliMDAxYjJ3c2MyaGpqbHZlbyJ9.OCkMTv7bbTzRn80RR7r4Hw","UNIQUE","X:\Claire\EFH GIS files\SpeciesHabitatLayers\Spiny Lobster\puerulusPostlarvaeDis","#4DAF4A","rgb(77,175,74)"
"204","SPINYLOBSTER","larvae","https://api.mapbox.com/styles/v1/auburngrad2015/ciyfzzbte000t2ro4lzee0ci0/tiles/256/{z}/{x}/{y}?access_token=pk.eyJ1IjoiYXVidXJuZ3JhZDIwMTUiLCJhIjoiY2l5ZWhvaHplMDB3MjJxbXA1MHF5czR0biJ9.rEHf8qpxUi9Uv0rjMO0fEg","KINGMACKEREL/REDSNAPPER/VERMILIONSNAPPER/YELLOWEDGEGROUPER/WARSAWGROUPER/TILEFISH/GREATERAMBERJACK/SPINYLOBSTER","X:\Claire\EFH GIS files\SpeciesHabitatLayers\Spiny Lobster\larvae","#E41A1C","rgb(228,26,28)"
"205","TILEFISH","adult","https://api.mapbox.com/styles/v1/jfroeschke/ciy1p4259006n2sozz79c6ncu/tiles/256/{z}/{x}/{y}?access_token=pk.eyJ1IjoiamZyb2VzY2hrZSIsImEiOiI5SHgwTWk4In0.J6IfXVALdDraXPBfPcyITg","UNIQUE","X:\Claire\EFH GIS files\SpeciesHabitatLayers\Golden Tilefish\adultsDis","#ffff33","rgb(255,255,51)"
"206","TILEFISH","lateJuvenile","https://api.mapbox.com/styles/v1/jfroeschke/ciy1p0su4004w2sp6hsdftgum/tiles/256/{z}/{x}/{y}?access_token=pk.eyJ1IjoiamZyb2VzY2hrZSIsImEiOiI5SHgwTWk4In0.J6IfXVALdDraXPBfPcyITg","UNIQUE","X:\Claire\EFH GIS files\SpeciesHabitatLayers\Golden Tilefish\lateJuvenilesDis","#FF7F00","rgb(255,127,0)"
"207","TILEFISH","spawningAdult","https://api.mapbox.com/styles/v1/jfroeschke/ciy1oq6rv005l2rr0tygsl7hp/tiles/256/{z}/{x}/{y}?access_token=pk.eyJ1IjoiamZyb2VzY2hrZSIsImEiOiI5SHgwTWk4In0.J6IfXVALdDraXPBfPcyITg","UNIQUE","X:\Claire\EFH GIS files\SpeciesHabitatLayers\Golden Tilefish\spawningAdultsDis","#a65628","rgb(166,86,40)"
"208","TILEFISH","eggs","https://api.mapbox.com/styles/v1/auburngrad2015/ciyg41scv001s2smfeycgjqvh/tiles/256/{z}/{x}/{y}?access_token=pk.eyJ1IjoiYXVidXJuZ3JhZDIwMTUiLCJhIjoiY2l5ZWhvaHplMDB3MjJxbXA1MHF5czR0biJ9.rEHf8qpxUi9Uv0rjMO0fEg","REDSNAPPER/LANESNAPPER/VERMILIONSNAPPER/YELLOWEDGEGROUPER/WARSAWGROUPER/TILEFISH","X:\Claire\EFH GIS files\SpeciesHabitatLayers\Golden Tilefish\eggs","#F781BF","rgb(247,129,191)"
"209","TILEFISH","larvae","https://api.mapbox.com/styles/v1/auburngrad2015/ciyfzzbte000t2ro4lzee0ci0/tiles/256/{z}/{x}/{y}?access_token=pk.eyJ1IjoiYXVidXJuZ3JhZDIwMTUiLCJhIjoiY2l5ZWhvaHplMDB3MjJxbXA1MHF5czR0biJ9.rEHf8qpxUi9Uv0rjMO0fEg","KINGMACKEREL/REDSNAPPER/VERMILIONSNAPPER/YELLOWEDGEGROUPER/WARSAWGROUPER/TILEFISH/GREATERAMBERJACK/SPINYLOBSTER","X:\Claire\EFH GIS files\SpeciesHabitatLayers\Golden Tilefish\larvae","#E41A1C","rgb(228,26,28)"
"210","TILEFISH","postLarvae","https://api.mapbox.com/styles/v1/auburngrad2015/ciyg3xs68000t2smyomz5n2xv/tiles/256/{z}/{x}/{y}?access_token=pk.eyJ1IjoiYXVidXJuZ3JhZDIwMTUiLCJhIjoiY2l5ZWhvaHplMDB3MjJxbXA1MHF5czR0biJ9.rEHf8qpxUi9Uv0rjMO0fEg","REDSNAPPER/VERMILIONSNAPPER/YELLOWEDGEGROUPER/WARSAWGROUPER/TILEFISH/GREATERAMBERJACK","X:\Claire\EFH GIS files\SpeciesHabitatLayers\Golden Tilefish\postLarvae","#4DAF4A","rgb(77,175,74)"
"211","TILEFISH","earlyJuvenile","https://api.mapbox.com/styles/v1/aquilonaris/ciykav9le000s2rno1xhcoyqk/tiles/256/{z}/{x}/{y}?access_token=pk.eyJ1IjoiYXF1aWxvbmFyaXMiLCJhIjoiY2l5ZzcyMWQ4MDJsazMyb2UwejJueWM1NCJ9.3F8adUgHr-az14e3cqcENQ","UNIQUE","X:\Claire\EFH GIS files\SpeciesHabitatLayers\Golden Tilefish\earlyJuveniles","#984EA3","rgb(152,78,163)"
"212","VERMILIONSNAPPER","adult","https://api.mapbox.com/styles/v1/jfroeschke/ciy1o4dqo006h2rqjqip4yh2o/tiles/256/{z}/{x}/{y}?access_token=pk.eyJ1IjoiamZyb2VzY2hrZSIsImEiOiI5SHgwTWk4In0.J6IfXVALdDraXPBfPcyITg","REDSNAPPER/VERMILIONSNAPPER/GAG/GRAYTRIGGERFISH","X:\Claire\EFH GIS files\SpeciesHabitatLayers\Vermilion Snapper\adultsDis","#ffff33","rgb(255,255,51)"
"213","VERMILIONSNAPPER","earlyJuvenile","https://api.mapbox.com/styles/v1/kmjensen/ciyd0c2vb007z2sqj3bqn1obf/tiles/256/{z}/{x}/{y}?access_token=pk.eyJ1Ijoia21qZW5zZW4iLCJhIjoiY2l5YnI0YXliMDAxYjJ3c2MyaGpqbHZlbyJ9.OCkMTv7bbTzRn80RR7r4Hw","UNIQUE","X:\Claire\EFH GIS files\SpeciesHabitatLayers\Vermilion Snapper\earlyJuvenilesDis","#984EA3","rgb(152,78,163)"
"214","VERMILIONSNAPPER","lateJuvenile","https://api.mapbox.com/styles/v1/kmjensen/ciyd0fgat00802sqj4ncn1l6g/tiles/256/{z}/{x}/{y}?access_token=pk.eyJ1Ijoia21qZW5zZW4iLCJhIjoiY2l5YnI0YXliMDAxYjJ3c2MyaGpqbHZlbyJ9.OCkMTv7bbTzRn80RR7r4Hw","UNIQUE","X:\Claire\EFH GIS files\SpeciesHabitatLayers\Vermilion Snapper\lateJuvenilesDis","#FF7F00","rgb(255,127,0)"
"215","VERMILIONSNAPPER","spawningAdult",".","UNMAPPABLE",".","#a65628","rgb(166,86,40)"
"216","VERMILIONSNAPPER","eggs","https://api.mapbox.com/styles/v1/auburngrad2015/ciyg41scv001s2smfeycgjqvh/tiles/256/{z}/{x}/{y}?access_token=pk.eyJ1IjoiYXVidXJuZ3JhZDIwMTUiLCJhIjoiY2l5ZWhvaHplMDB3MjJxbXA1MHF5czR0biJ9.rEHf8qpxUi9Uv0rjMO0fEg","REDSNAPPER/LANESNAPPER/VERMILIONSNAPPER/YELLOWEDGEGROUPER/WARSAWGROUPER/TILEFISH","X:\Claire\EFH GIS files\SpeciesHabitatLayers\Vermilion Snapper\eggs","#F781BF","rgb(247,129,191)"
"217","VERMILIONSNAPPER","larvae","https://api.mapbox.com/styles/v1/auburngrad2015/ciyfzzbte000t2ro4lzee0ci0/tiles/256/{z}/{x}/{y}?access_token=pk.eyJ1IjoiYXVidXJuZ3JhZDIwMTUiLCJhIjoiY2l5ZWhvaHplMDB3MjJxbXA1MHF5czR0biJ9.rEHf8qpxUi9Uv0rjMO0fEg","KINGMACKEREL/REDSNAPPER/VERMILIONSNAPPER/YELLOWEDGEGROUPER/WARSAWGROUPER/TILEFISH/GREATERAMBERJACK/SPINYLOBSTER","X:\Claire\EFH GIS files\SpeciesHabitatLayers\Vermilion Snapper\larvae","#E41A1C","rgb(228,26,28)"
"218","VERMILIONSNAPPER","postLarvae","https://api.mapbox.com/styles/v1/auburngrad2015/ciyg3xs68000t2smyomz5n2xv/tiles/256/{z}/{x}/{y}?access_token=pk.eyJ1IjoiYXVidXJuZ3JhZDIwMTUiLCJhIjoiY2l5ZWhvaHplMDB3MjJxbXA1MHF5czR0biJ9.rEHf8qpxUi9Uv0rjMO0fEg","REDSNAPPER/VERMILIONSNAPPER/YELLOWEDGEGROUPER/WARSAWGROUPER/TILEFISH/GREATERAMBERJACK","X:\Claire\EFH GIS files\SpeciesHabitatLayers\Vermilion Snapper\postLarvae","#4DAF4A","rgb(77,175,74)"
"219","WARSAWGROUPER","adult","https://api.mapbox.com/styles/v1/kmjensen/ciyd0g9og003j2sqlpkxzb2dm/tiles/256/{z}/{x}/{y}?access_token=pk.eyJ1Ijoia21qZW5zZW4iLCJhIjoiY2l5YnI0YXliMDAxYjJ3c2MyaGpqbHZlbyJ9.OCkMTv7bbTzRn80RR7r4Hw","UNIQUE","X:\Claire\EFH GIS files\SpeciesHabitatLayers\Warsaw Grouper\adultsDIs","#ffff33","rgb(255,255,51)"
"220","WARSAWGROUPER","lateJuvenile","https://api.mapbox.com/styles/v1/kmjensen/ciyd0h40e008e2snplmffkq9o/tiles/256/{z}/{x}/{y}?access_token=pk.eyJ1Ijoia21qZW5zZW4iLCJhIjoiY2l5YnI0YXliMDAxYjJ3c2MyaGpqbHZlbyJ9.OCkMTv7bbTzRn80RR7r4Hw","UNIQUE","X:\Claire\EFH GIS files\SpeciesHabitatLayers\Warsaw Grouper\lateJuvenilesDis","#FF7F00","rgb(255,127,0)"
"221","WARSAWGROUPER","spawningAdult","https://api.mapbox.com/styles/v1/kmjensen/ciyd0hv6d003k2sqlen0mxawy/tiles/256/{z}/{x}/{y}?access_token=pk.eyJ1Ijoia21qZW5zZW4iLCJhIjoiY2l5YnI0YXliMDAxYjJ3c2MyaGpqbHZlbyJ9.OCkMTv7bbTzRn80RR7r4Hw","UNIQUE","X:\Claire\EFH GIS files\SpeciesHabitatLayers\Warsaw Grouper\spawningAdultsDis","#a65628","rgb(166,86,40)"
"222","WARSAWGROUPER","earlyJuvenile",".","UNMAPPABLE",".","#984EA3","rgb(152,78,163)"
"223","WARSAWGROUPER","eggs","https://api.mapbox.com/styles/v1/auburngrad2015/ciyg41scv001s2smfeycgjqvh/tiles/256/{z}/{x}/{y}?access_token=pk.eyJ1IjoiYXVidXJuZ3JhZDIwMTUiLCJhIjoiY2l5ZWhvaHplMDB3MjJxbXA1MHF5czR0biJ9.rEHf8qpxUi9Uv0rjMO0fEg","REDSNAPPER/LANESNAPPER/VERMILIONSNAPPER/YELLOWEDGEGROUPER/WARSAWGROUPER/TILEFISH","X:\Claire\EFH GIS files\SpeciesHabitatLayers\Warsaw Grouper\eggs","#F781BF","rgb(247,129,191)"
"224","WARSAWGROUPER","larvae","https://api.mapbox.com/styles/v1/auburngrad2015/ciyfzzbte000t2ro4lzee0ci0/tiles/256/{z}/{x}/{y}?access_token=pk.eyJ1IjoiYXVidXJuZ3JhZDIwMTUiLCJhIjoiY2l5ZWhvaHplMDB3MjJxbXA1MHF5czR0biJ9.rEHf8qpxUi9Uv0rjMO0fEg","KINGMACKEREL/REDSNAPPER/VERMILIONSNAPPER/YELLOWEDGEGROUPER/WARSAWGROUPER/TILEFISH/GREATERAMBERJACK/SPINYLOBSTER","X:\Claire\EFH GIS files\SpeciesHabitatLayers\Warsaw Grouper\larvae","#E41A1C","rgb(228,26,28)"
"225","WARSAWGROUPER","postLarvae","https://api.mapbox.com/styles/v1/auburngrad2015/ciyg3xs68000t2smyomz5n2xv/tiles/256/{z}/{x}/{y}?access_token=pk.eyJ1IjoiYXVidXJuZ3JhZDIwMTUiLCJhIjoiY2l5ZWhvaHplMDB3MjJxbXA1MHF5czR0biJ9.rEHf8qpxUi9Uv0rjMO0fEg","REDSNAPPER/VERMILIONSNAPPER/YELLOWEDGEGROUPER/WARSAWGROUPER/TILEFISH/GREATERAMBERJACK","X:\Claire\EFH GIS files\SpeciesHabitatLayers\Warsaw Grouper\postLarvae","#4DAF4A","rgb(77,175,74)"
"226","WENCHMAN","adult","https://api.mapbox.com/styles/v1/kmjensen/ciyd64dzh008c2rqfglx0d9i0/tiles/256/{z}/{x}/{y}?access_token=pk.eyJ1Ijoia21qZW5zZW4iLCJhIjoiY2l5YnI0YXliMDAxYjJ3c2MyaGpqbHZlbyJ9.OCkMTv7bbTzRn80RR7r4Hw","UNIQUE","X:\Claire\EFH GIS files\SpeciesHabitatLayers\Wenchman\adultsDis","#ffff33","rgb(255,255,51)"
"227","WENCHMAN","spawningAdult","https://api.mapbox.com/styles/v1/kmjensen/ciyd65593008d2rqf2rvofqcz/tiles/256/{z}/{x}/{y}?access_token=pk.eyJ1Ijoia21qZW5zZW4iLCJhIjoiY2l5YnI0YXliMDAxYjJ3c2MyaGpqbHZlbyJ9.OCkMTv7bbTzRn80RR7r4Hw","UNIQUE","X:\Claire\EFH GIS files\SpeciesHabitatLayers\Wenchman\spawningAdultsDis","#a65628","rgb(166,86,40)"
"228","WENCHMAN","postLarvae",".","UNMAPPABLE",".","#4DAF4A","rgb(77,175,74)"
"229","WENCHMAN","earlyJuvenile",".","UNMAPPABLE",".","#984EA3","rgb(152,78,163)"
"230","WENCHMAN","lateJuvenile",".","UNMAPPABLE",".","#FF7F00","rgb(255,127,0)"
"231","WENCHMAN","eggs","https://api.mapbox.com/styles/v1/auburngrad2015/ciyg20c4i001g2sl8pzrn88ci/tiles/256/{z}/{x}/{y}?access_token=pk.eyJ1IjoiYXVidXJuZ3JhZDIwMTUiLCJhIjoiY2l5ZWhvaHplMDB3MjJxbXA1MHF5czR0biJ9.rEHf8qpxUi9Uv0rjMO0fEg","KINGMACKEREL/WENCHMAN","X:\Claire\EFH GIS files\SpeciesHabitatLayers\Wenchman\eggs","#F781BF","rgb(247,129,191)"
"232","WENCHMAN","larvae","https://api.mapbox.com/styles/v1/gulffish123/ciykbhlgk00152snn1aiw7re6/tiles/256/{z}/{x}/{y}?access_token=pk.eyJ1IjoiZ3VsZmZpc2gxMjMiLCJhIjoiY2l5a2IweTVtMDAwdDJxcGYzYmR0b3lndyJ9.PjwB4UC9ESaDhoe3ed_YKg","UNIQUE","X:\Claire\EFH GIS files\SpeciesHabitatLayers\Wenchman\larvae","#E41A1C","rgb(228,26,28)"
"233","WHITESHRIMP","adult","https://api.mapbox.com/styles/v1/kmjensen/ciydazrvn004b2sqlzct7ccgl/tiles/256/{z}/{x}/{y}?access_token=pk.eyJ1Ijoia21qZW5zZW4iLCJhIjoiY2l5YnI0YXliMDAxYjJ3c2MyaGpqbHZlbyJ9.OCkMTv7bbTzRn80RR7r4Hw","UNIQUE","X:\Claire\EFH GIS files\SpeciesHabitatLayers\White Shrimp\adultsDis","#ffff33","rgb(255,255,51)"
"234","WHITESHRIMP","latePostlarvaeJuvenile","https://api.mapbox.com/styles/v1/kmjensen/ciydb1hxj003v2sqsgks3d6z8/tiles/256/{z}/{x}/{y}?access_token=pk.eyJ1Ijoia21qZW5zZW4iLCJhIjoiY2l5YnI0YXliMDAxYjJ3c2MyaGpqbHZlbyJ9.OCkMTv7bbTzRn80RR7r4Hw","UNIQUE","X:\Claire\EFH GIS files\SpeciesHabitatLayers\White Shrimp\latePostlarvaeJuvenilesDis","#984EA3","rgb(152,78,163)"
"235","WHITESHRIMP","subAdult","https://api.mapbox.com/styles/v1/kmjensen/ciydb2arf008z2rqfif25ms5j/tiles/256/{z}/{x}/{y}?access_token=pk.eyJ1Ijoia21qZW5zZW4iLCJhIjoiY2l5YnI0YXliMDAxYjJ3c2MyaGpqbHZlbyJ9.OCkMTv7bbTzRn80RR7r4Hw","UNIQUE","X:\Claire\EFH GIS files\SpeciesHabitatLayers\White Shrimp\subAdultsDis","#FF7F00","rgb(255,127,0)"
"236","WHITESHRIMP","fertilizedEgg",".","UNMAPPABLE",".","#F781BF","rgb(247,129,191)"
"237","WHITESHRIMP","larvae",".","UNMAPPABLE",".","#E41A1C","rgb(228,26,28)"
"238","WHITESHRIMP","spawningAdult",".","UNMAPPABLE",".","#a65628","rgb(166,86,40)"
"239","YELLOWEDGEGROUPER","adult","https://api.mapbox.com/styles/v1/kmjensen/ciydb33gn003w2sqsv149egpo/tiles/256/{z}/{x}/{y}?access_token=pk.eyJ1Ijoia21qZW5zZW4iLCJhIjoiY2l5YnI0YXliMDAxYjJ3c2MyaGpqbHZlbyJ9.OCkMTv7bbTzRn80RR7r4Hw","UNIQUE","X:\Claire\EFH GIS files\SpeciesHabitatLayers\Yellowedge Grouper\adultsDis","#ffff33","rgb(255,255,51)"
"240","YELLOWEDGEGROUPER","lateJuvenile","https://api.mapbox.com/styles/v1/kmjensen/ciydb3v1t009h2snpx8f6l622/tiles/256/{z}/{x}/{y}?access_token=pk.eyJ1Ijoia21qZW5zZW4iLCJhIjoiY2l5YnI0YXliMDAxYjJ3c2MyaGpqbHZlbyJ9.OCkMTv7bbTzRn80RR7r4Hw","UNIQUE","X:\Claire\EFH GIS files\SpeciesHabitatLayers\Yellowedge Grouper\lateJuvenilesDis","#FF7F00","rgb(255,127,0)"
"241","YELLOWEDGEGROUPER","spawningAdult","https://api.mapbox.com/styles/v1/ceroberts/ciya95lfx002s2rqfttsupkjm/tiles/256/{z}/{x}/{y}?access_token=pk.eyJ1IjoiY2Vyb2JlcnRzIiwiYSI6ImNpeTM1Y2dsazAwM24ycXBneTN2YTAzN2gifQ.2M7HwRpElO_DHWaeqTXc8g","LANE SNAPPER/YELLOWEDGE GROUPER","X:\Claire\EFH GIS files\SpeciesHabitatLayers\Yellowedge Grouper\spawningAdultsDis","#a65628","rgb(166,86,40)"
"242","YELLOWEDGEGROUPER","earlyJuvenile",".","UNMAPPABLE",".","#984EA3","rgb(152,78,163)"
"243","YELLOWEDGEGROUPER","eggs","https://api.mapbox.com/styles/v1/auburngrad2015/ciyg41scv001s2smfeycgjqvh/tiles/256/{z}/{x}/{y}?access_token=pk.eyJ1IjoiYXVidXJuZ3JhZDIwMTUiLCJhIjoiY2l5ZWhvaHplMDB3MjJxbXA1MHF5czR0biJ9.rEHf8qpxUi9Uv0rjMO0fEg","REDSNAPPER/LANESNAPPER/VERMILIONSNAPPER/YELLOWEDGEGROUPER/WARSAWGROUPER/TILEFISH","X:\Claire\EFH GIS files\SpeciesHabitatLayers\Yellowedge Grouper\eggs","#F781BF","rgb(247,129,191)"
"244","YELLOWEDGEGROUPER","larvae","https://api.mapbox.com/styles/v1/auburngrad2015/ciyfzzbte000t2ro4lzee0ci0/tiles/256/{z}/{x}/{y}?access_token=pk.eyJ1IjoiYXVidXJuZ3JhZDIwMTUiLCJhIjoiY2l5ZWhvaHplMDB3MjJxbXA1MHF5czR0biJ9.rEHf8qpxUi9Uv0rjMO0fEg","KINGMACKEREL/REDSNAPPER/VERMILIONSNAPPER/YELLOWEDGEGROUPER/WARSAWGROUPER/TILEFISH/GREATERAMBERJACK/SPINYLOBSTER","X:\Claire\EFH GIS files\SpeciesHabitatLayers\Yellowedge Grouper\larvae","#E41A1C","rgb(228,26,28)"
"245","YELLOWEDGEGROUPER","postLarvae","https://api.mapbox.com/styles/v1/auburngrad2015/ciyg3xs68000t2smyomz5n2xv/tiles/256/{z}/{x}/{y}?access_token=pk.eyJ1IjoiYXVidXJuZ3JhZDIwMTUiLCJhIjoiY2l5ZWhvaHplMDB3MjJxbXA1MHF5czR0biJ9.rEHf8qpxUi9Uv0rjMO0fEg","REDSNAPPER/VERMILIONSNAPPER/YELLOWEDGEGROUPER/WARSAWGROUPER/TILEFISH/GREATERAMBERJACK","X:\Claire\EFH GIS files\SpeciesHabitatLayers\Yellowedge Grouper\postLarvae","#4DAF4A","rgb(77,175,74)"
"246","YELLOWFINGROUPER","adult","https://api.mapbox.com/styles/v1/kmjensen/ciydbbzzv00912sqjpxh6cnb5/tiles/256/{z}/{x}/{y}?access_token=pk.eyJ1Ijoia21qZW5zZW4iLCJhIjoiY2l5YnI0YXliMDAxYjJ3c2MyaGpqbHZlbyJ9.OCkMTv7bbTzRn80RR7r4Hw","UNIQUE","X:\Claire\EFH GIS files\SpeciesHabitatLayers\Yellowfin Grouper\adultsDis","#ffff33","rgb(255,255,51)"
"247","YELLOWFINGROUPER","earlyJuvenile","https://api.mapbox.com/styles/v1/ceroberts/ciyad2m6j00362spgmstc5mq9/tiles/256/{z}/{x}/{y}?access_token=pk.eyJ1IjoiY2Vyb2JlcnRzIiwiYSI6ImNpeTM1Y2dsazAwM24ycXBneTN2YTAzN2gifQ.2M7HwRpElO_DHWaeqTXc8g","MUTTONSNAPPER/YELLOWFINGROUPER","X:\Claire\EFH GIS files\SpeciesHabitatLayers\Yellowfin Grouper\earlyJuvenilesDis","#984EA3","rgb(152,78,163)"
"248","YELLOWFINGROUPER","lateJuvenile","https://api.mapbox.com/styles/v1/gulffish123/ciykbpk7m00172sp92vim1a1r/tiles/256/{z}/{x}/{y}?access_token=pk.eyJ1IjoiZ3VsZmZpc2gxMjMiLCJhIjoiY2l5a2IweTVtMDAwdDJxcGYzYmR0b3lndyJ9.PjwB4UC9ESaDhoe3ed_YKg","UNIQUE","X:\Claire\EFH GIS files\SpeciesHabitatLayers\Yellowfin Grouper\lateJuvenilesDis","#FF7F00","rgb(255,127,0)"
"249","YELLOWFINGROUPER","spawningAdult","https://api.mapbox.com/styles/v1/ceroberts/ciyad9vwd00382spgcprufvhl/tiles/256/{z}/{x}/{y}?access_token=pk.eyJ1IjoiY2Vyb2JlcnRzIiwiYSI6ImNpeTM1Y2dsazAwM24ycXBneTN2YTAzN2gifQ.2M7HwRpElO_DHWaeqTXc8g","MUTTONSNAPPER/YELLOWFINGROUPER","X:\Claire\EFH GIS files\SpeciesHabitatLayers\Yellowfin Grouper\spawningAdultsDis","#a65628","rgb(166,86,40)"
"250","YELLOWFINGROUPER","eggs",".","UNMAPPABLE",".","#F781BF","rgb(247,129,191)"
"251","YELLOWFINGROUPER","larvae",".","UNMAPPABLE",".","#E41A1C","rgb(228,26,28)"
"252","YELLOWFINGROUPER","postLarvae",".","UNMAPPABLE",".","#4DAF4A","rgb(77,175,74)"
"253","YELLOWMOUTHGROUPER","adult ","https://api.mapbox.com/styles/v1/gulffish123/ciykbuaxk000z2rqq9anentcs/tiles/256/{z}/{x}/{y}?access_token=pk.eyJ1IjoiZ3VsZmZpc2gxMjMiLCJhIjoiY2l5a2IweTVtMDAwdDJxcGYzYmR0b3lndyJ9.PjwB4UC9ESaDhoe3ed_YKg","UNIQUE","X:\Claire\EFH GIS files\SpeciesHabitatLayers\Yellowmouth Grouper\adultsDis","#ffff33","rgb(255,255,51)"
"254","YELLOWMOUTHGROUPER","earlyJuvenile","https://api.mapbox.com/styles/v1/gulffish123/ciykc1t3t000u2rno2kcq29bn/tiles/256/{z}/{x}/{y}?access_token=pk.eyJ1IjoiZ3VsZmZpc2gxMjMiLCJhIjoiY2l5a2IweTVtMDAwdDJxcGYzYmR0b3lndyJ9.PjwB4UC9ESaDhoe3ed_YKg","UNIQUE","X:\Claire\EFH GIS files\SpeciesHabitatLayers\Yellowmouth Grouper\earlyJuvenilesDis","#984EA3","rgb(152,78,163)"
"255","YELLOWMOUTHGROUPER","lateJuvenile","https://api.mapbox.com/styles/v1/gulffish123/ciykcuzip00142rqq376kf0k0/tiles/256/{z}/{x}/{y}?access_token=pk.eyJ1IjoiZ3VsZmZpc2gxMjMiLCJhIjoiY2l5a2IweTVtMDAwdDJxcGYzYmR0b3lndyJ9.PjwB4UC9ESaDhoe3ed_YKg","UNIQUE","X:\Claire\EFH GIS files\SpeciesHabitatLayers\Yellowmouth Grouper\lateJuvenilesDis","#FF7F00","rgb(255,127,0)"
"256","YELLOWMOUTHGROUPER","spawningAdult",".","UNMAPPABLE",".","#a65628","rgb(166,86,40)"
"257","YELLOWMOUTHGROUPER","larvae","https://api.mapbox.com/styles/v1/auburngrad2015/ciyfxfggn00162sluselpirhp/tiles/256/{z}/{x}/{y}?access_token=pk.eyJ1IjoiYXVidXJuZ3JhZDIwMTUiLCJhIjoiY2l5ZWhvaHplMDB3MjJxbXA1MHF5czR0biJ9.rEHf8qpxUi9Uv0rjMO0fEg","GOLIATHGROUPER/YELLOWMOUTHGROUPER","X:\Claire\EFH GIS files\SpeciesHabitatLayers\Yellowmouth Grouper\larvae","#E41A1C","rgb(228,26,28)"
"258","YELLOWMOUTHGROUPER","eggs","https://api.mapbox.com/styles/v1/auburngrad2015/ciyfxgmkq00172slumm8ornly/tiles/256/{z}/{x}/{y}?access_token=pk.eyJ1IjoiYXVidXJuZ3JhZDIwMTUiLCJhIjoiY2l5ZWhvaHplMDB3MjJxbXA1MHF5czR0biJ9.rEHf8qpxUi9Uv0rjMO0fEg","GOLIATHGROUPER/YELLOWMOUTHGROUPER","X:\Claire\EFH GIS files\SpeciesHabitatLayers\Yellowmouth Grouper\eggs","#F781BF","rgb(247,129,191)"
"259","YELLOWMOUTHGROUPER","postLarvae","https://api.mapbox.com/styles/v1/gulffish123/ciykcvyax00152rqq1leli1o9/tiles/256/{z}/{x}/{y}?access_token=pk.eyJ1IjoiZ3VsZmZpc2gxMjMiLCJhIjoiY2l5a2IweTVtMDAwdDJxcGYzYmR0b3lndyJ9.PjwB4UC9ESaDhoe3ed_YKg","UNIQUE","X:\Claire\EFH GIS files\SpeciesHabitatLayers\Yellowmouth Grouper\postLarvae","#4DAF4A","rgb(77,175,74)"
"260","YELLOWTAILSNAPPER","adult","https://api.mapbox.com/styles/v1/claireroberts/cixuhtoo1002t2rnrcn7gtc2t/tiles/256/{z}/{x}/{y}?access_token=pk.eyJ1IjoiY2xhaXJlcm9iZXJ0cyIsImEiOiJjaWtqdTFyZ3UwOGw2dnRrbTlibDd2OW9yIn0.ccw4vPRr3LiUpAcqyThNig","BLACKGROUPER/HOGFISH/REDGROUPER/SCAMP/YELLOWTAILSNAPPER","X:\Claire\EFH GIS files\SpeciesHabitatLayers\Yellowtail Snapper\adultsDis","#ffff33","rgb(255,255,51)"
"261","YELLOWTAILSNAPPER","earlyJuvenile","https://api.mapbox.com/styles/v1/jfroeschke/ciy1o1mel006f2rqjplmklx33/tiles/256/{z}/{x}/{y}?access_token=pk.eyJ1IjoiamZyb2VzY2hrZSIsImEiOiI5SHgwTWk4In0.J6IfXVALdDraXPBfPcyITg","YELLOWTAILSNAPPER/GAG","X:\Claire\EFH GIS files\SpeciesHabitatLayers\Yellowtail Snapper\earlyJuvenilesDis","#984EA3","rgb(152,78,163)"
"262","YELLOWTAILSNAPPER","lateJuvenile","https://api.mapbox.com/styles/v1/gulffish123/ciykctmbn00132rqqd1f4ijha/tiles/256/{z}/{x}/{y}?access_token=pk.eyJ1IjoiZ3VsZmZpc2gxMjMiLCJhIjoiY2l5a2IweTVtMDAwdDJxcGYzYmR0b3lndyJ9.PjwB4UC9ESaDhoe3ed_YKg","UNIQUE","X:\Claire\EFH GIS files\SpeciesHabitatLayers\Yellowtail Snapper\lateJuvenilesDis","#FF7F00","rgb(255,127,0)"
"263","YELLOWTAILSNAPPER","spawningAdult",".","UNMAPPABLE",".","#a65628","rgb(166,86,40)"
"264","YELLOWTAILSNAPPER","larvae","https://api.mapbox.com/styles/v1/auburngrad2015/ciyg583fy001q2sl8bnvphfq3/tiles/256/{z}/{x}/{y}?access_token=pk.eyJ1IjoiYXVidXJuZ3JhZDIwMTUiLCJhIjoiY2l5ZWhvaHplMDB3MjJxbXA1MHF5czR0biJ9.rEHf8qpxUi9Uv0rjMO0fEg","YELLOWTAILSNAPPER/BANDEDRUDDERFISH","X:\Claire\EFH GIS files\SpeciesHabitatLayers\Yellowtail Snapper\larvae","#E41A1C","rgb(228,26,28)"
"265","YELLOWTAILSNAPPER","postLarvae","https://api.mapbox.com/styles/v1/auburngrad2015/ciyg5vkxp001q2slujvqmbla8/tiles/256/{z}/{x}/{y}?access_token=pk.eyJ1IjoiYXVidXJuZ3JhZDIwMTUiLCJhIjoiY2l5ZWhvaHplMDB3MjJxbXA1MHF5czR0biJ9.rEHf8qpxUi9Uv0rjMO0fEg","YELLOWTAILSNAPPER/BANDEDRUDDERFISH","X:\Claire\EFH GIS files\SpeciesHabitatLayers\Yellowtail SnapperpostLarvae","#4DAF4A","rgb(77,175,74)"
"266","YELLOWTAILSNAPPER","eggs","https://api.mapbox.com/styles/v1/gulffish123/ciykcww1u001d2sp92gws3hzn/tiles/256/{z}/{x}/{y}?access_token=pk.eyJ1IjoiZ3VsZmZpc2gxMjMiLCJhIjoiY2l5a2IweTVtMDAwdDJxcGYzYmR0b3lndyJ9.PjwB4UC9ESaDhoe3ed_YKg","UNIQUE","X:\Claire\EFH GIS files\SpeciesHabitatLayers\Yellowtail Snapper\eggs","#F781BF","rgb(247,129,191)"
"267","BANDEDRUDDERFISH","earlyJuvenile","https://api.mapbox.com/styles/v1/gulffish123/ciykdbrdw00192rqq0w058sx0/tiles/256/{z}/{x}/{y}?access_token=pk.eyJ1IjoiZ3VsZmZpc2gxMjMiLCJhIjoiY2l5a2IweTVtMDAwdDJxcGYzYmR0b3lndyJ9.PjwB4UC9ESaDhoe3ed_YKg","UNIQUE","X:\Claire\EFH GIS files\SpeciesHabitatLayers\Banded Rudderfish\earlyJuveniles","#984EA3","rgb(152,78,163)"
"268","BANDEDRUDDERFISH","lateJuvenile","https://api.mapbox.com/styles/v1/gulffish123/ciykdcr8a001f2snnx1tlv456/tiles/256/{z}/{x}/{y}?access_token=pk.eyJ1IjoiZ3VsZmZpc2gxMjMiLCJhIjoiY2l5a2IweTVtMDAwdDJxcGYzYmR0b3lndyJ9.PjwB4UC9ESaDhoe3ed_YKg","UNIQUE","X:\Claire\EFH GIS files\SpeciesHabitatLayers\Banded Rudderfish/lateJuveniles","#FF7F00","rgb(255,127,0)"
"269","BANDEDRUDDERFISH","adult","https://api.mapbox.com/styles/v1/gulffish123/ciykddmnk001i2smg74h48yg4/tiles/256/{z}/{x}/{y}?access_token=pk.eyJ1IjoiZ3VsZmZpc2gxMjMiLCJhIjoiY2l5a2IweTVtMDAwdDJxcGYzYmR0b3lndyJ9.PjwB4UC9ESaDhoe3ed_YKg","UNIQUE","X:\Claire\EFH GIS files\SpeciesHabitatLayers\Banded Rudderfish\adults","#ffff33","rgb(255,255,51)"
"270","BANDEDRUDDERFISH","spawningAdult","https://api.mapbox.com/styles/v1/gulffish123/ciykdec01001h2sp96syvzmms/tiles/256/{z}/{x}/{y}?access_token=pk.eyJ1IjoiZ3VsZmZpc2gxMjMiLCJhIjoiY2l5a2IweTVtMDAwdDJxcGYzYmR0b3lndyJ9.PjwB4UC9ESaDhoe3ed_YKg","UNIQUE","X:\Claire\EFH GIS files\SpeciesHabitatLayers\Banded Rudderfish\spawningAdults","#a65628","rgb(166,86,40)"
"271","GREATERAMBERJACK","eggs",".","UNMAPPABLE",".","#F781BF","rgb(247,129,191)"
"272","LESSERAMBERJACK","earlyJuvenile",".","UNMAPPABLE",".","#984EA3","rgb(152,78,163)"
"273","SPANISHMACKEREL","lateJuvenile","https://api.mapbox.com/styles/v1/gulffish123/ciykdf2m5001j2smgtj3lr3cu/tiles/256/{z}/{x}/{y}?access_token=pk.eyJ1IjoiZ3VsZmZpc2gxMjMiLCJhIjoiY2l5a2IweTVtMDAwdDJxcGYzYmR0b3lndyJ9.PjwB4UC9ESaDhoe3ed_YKg","UNIQUE","X:\Claire\EFH GIS files\SpeciesHabitatLayers\Spanish Mackerel\lateJuveniles","#FF7F00","rgb(255,127,0)"
"274","SPANISHMACKEREL","spawningAdult","https://api.mapbox.com/styles/v1/gulffish123/ciykdfsv6000y2rnoq8pqvycn/tiles/256/{z}/{x}/{y}?access_token=pk.eyJ1IjoiZ3VsZmZpc2gxMjMiLCJhIjoiY2l5a2IweTVtMDAwdDJxcGYzYmR0b3lndyJ9.PjwB4UC9ESaDhoe3ed_YKg","UNIQUE","X:\Claire\EFH GIS files\SpeciesHabitatLayers\Spanish Mackerel\spawningAdults","#a65628","rgb(166,86,40)"
